-- ============================================================
-- 全房通 ChatBI 数据集市 - 种子数据
-- company_id = 1001
-- 生成时间: 2026-03-24
-- ============================================================

SET NAMES utf8mb4;
SET FOREIGN_KEY_CHECKS = 0;

-- ============================================================
-- 1. 门店 qft_store (3个: 城东/城西/城北)
-- ============================================================
INSERT INTO qft_store (id, creater_id, create_time, updater_id, update_time, company_id, name, value, adress, mobile, phone, cotenant, housing, focus, is_delete, store_sort)
VALUES
(10001, 1, '2024-01-01 10:00:00', 1, '2024-01-01 10:00:00', 1001, '城东门店', 'CD', '成都市锦江区春熙路88号', '13800001001', '028-88001001', 0, 0, 0, 0, 1),
(10002, 1, '2024-01-01 10:00:00', 1, '2024-01-01 10:00:00', 1001, '城西门店', 'CX', '成都市青羊区金沙路66号', '13800001002', '028-88001002', 0, 0, 0, 0, 2),
(10003, 1, '2024-01-01 10:00:00', 1, '2024-01-01 10:00:00', 1001, '城北门店', 'CB', '成都市金牛区交大路33号', '13800001003', '028-88001003', 0, 0, 0, 0, 3);

-- ============================================================
-- 2. 物业地址 qft_area_property (5个小区)
-- ============================================================
INSERT INTO qft_area_property (id, creater_id, create_time, company_id, area_id, property_adrr, detail_address, longitude, latitude, is_delete)
VALUES
(20001, 1, '2024-01-01 10:00:00', 1001, 510104, '翡翠城小区', '成都市锦江区翡翠城1期', '104.085', '30.655', 0),
(20002, 1, '2024-01-01 10:00:00', 1001, 510104, '锦绣花园', '成都市锦江区锦绣花园A区', '104.082', '30.651', 0),
(20003, 1, '2024-01-01 10:00:00', 1001, 510105, '金沙世纪城', '成都市青羊区金沙世纪城3期', '104.015', '30.680', 0),
(20004, 1, '2024-01-01 10:00:00', 1001, 510105, '光华逸家', '成都市青羊区光华逸家2期', '104.010', '30.675', 0),
(20005, 1, '2024-01-01 10:00:00', 1001, 510106, '北城天街花园', '成都市金牛区北城天街花园5栋', '104.065', '30.710', 0);

-- ============================================================
-- 3. 整租房源 qft_whole_housing (10套)
-- ============================================================
INSERT INTO qft_whole_housing (
  id, creater_id, create_time, company_id, trust_type, property_adrr, house_area, building, unit_name, door_number,
  inside_space, livingroom, bathroom, kitchen, bedroom, housing_type_id, room_count, rest_room_count,
  city_id, store_id, house_code, code_num, code_digit, housing_name, card_type, housing_card, housing_phone_type,
  housing_phone, salesman_id, hosting_create_time, hosting_end_time, contract_year, contract_month, contract_day,
  joe_price, deposit_money, tenants_contract_nature, payment_method, add_appoint, vacancy_type,
  before_audit_status, after_audit_status, is_note, is_check_out, is_delete, electronic_contract_status,
  delivery_order_status, sync_collect_room_number, irregular_lease_price, prefix, square_type
) VALUES
(30001, 1, '2024-01-15 10:00:00', 1001, 1, 20001, 510104, '1栋', '1单元', '1-1-101', 85.00, 1, 1, 1, 2, 1, 1, 0, 510100, 10001, 'ZZ-0001', 1, 4, '王建国', 1, '510104198001010011', 1, '13900010001', 100, '2024-02-01 00:00:00', '2026-01-31 23:59:59', 2, 0, 0, 2800.00, 2800.00, 1, 3, 0, 1, 1, 0, 0, 0, 0, 1, 1, 1, 2800.00, 'ZZ', 0),
(30002, 1, '2024-01-15 10:00:00', 1001, 1, 20001, 510104, '1栋', '2单元', '1-2-201', 95.00, 1, 1, 1, 3, 1, 1, 0, 510100, 10001, 'ZZ-0002', 2, 4, '李明华', 1, '510104197805050022', 1, '13900010002', 100, '2024-03-01 00:00:00', '2026-02-28 23:59:59', 2, 0, 0, 3200.00, 3200.00, 1, 3, 0, 1, 1, 0, 0, 0, 0, 1, 1, 1, 3200.00, 'ZZ', 0),
(30003, 1, '2024-02-01 10:00:00', 1001, 1, 20002, 510104, '3栋', '1单元', '3-1-302', 78.00, 1, 1, 1, 2, 1, 1, 0, 510100, 10001, 'ZZ-0003', 3, 4, '陈志强', 1, '510104198506060033', 1, '13900010003', 101, '2024-03-01 00:00:00', '2025-08-31 23:59:59', 1, 6, 0, 2500.00, 2500.00, 1, 1, 0, 1, 1, 0, 0, 0, 0, 1, 1, 1, 2500.00, 'ZZ', 0),
(30004, 1, '2024-02-10 10:00:00', 1001, 1, 20002, 510104, '5栋', '2单元', '5-2-403', 110.00, 2, 2, 1, 3, 2, 1, 0, 510100, 10001, 'ZZ-0004', 4, 4, '赵德柱', 1, '510104197203030044', 1, '13900010004', 101, '2024-04-01 00:00:00', '2026-03-31 23:59:59', 2, 0, 0, 3800.00, 3800.00, 1, 3, 0, 1, 1, 0, 0, 0, 0, 1, 1, 1, 3800.00, 'ZZ', 0),
(30005, 1, '2024-02-15 10:00:00', 1001, 1, 20003, 510105, '2栋', '1单元', '2-1-501', 88.00, 1, 1, 1, 2, 1, 1, 0, 510100, 10002, 'ZZ-0005', 5, 4, '孙丽萍', 1, '510105199001010055', 1, '13900010005', 102, '2024-03-15 00:00:00', '2025-09-14 23:59:59', 1, 6, 0, 2600.00, 2600.00, 1, 1, 0, 1, 1, 0, 0, 0, 0, 1, 1, 1, 2600.00, 'ZZ', 0),
(30006, 1, '2024-03-01 10:00:00', 1001, 1, 20003, 510105, '2栋', '2单元', '2-2-602', 100.00, 1, 1, 1, 3, 2, 1, 0, 510100, 10002, 'ZZ-0006', 6, 4, '周大伟', 1, '510105196808080066', 1, '13900010006', 102, '2024-04-01 00:00:00', '2026-03-31 23:59:59', 2, 0, 0, 3500.00, 3500.00, 1, 3, 0, 1, 1, 0, 0, 0, 0, 1, 1, 1, 3500.00, 'ZZ', 0),
(30007, 1, '2024-03-10 10:00:00', 1001, 1, 20004, 510105, '8栋', '1单元', '8-1-701', 92.00, 1, 1, 1, 2, 1, 1, 0, 510100, 10002, 'ZZ-0007', 7, 4, '吴秀芬', 1, '510105197505050077', 1, '13900010007', 103, '2024-04-01 00:00:00', '2025-09-30 23:59:59', 1, 6, 0, 2900.00, 2900.00, 1, 1, 0, 1, 1, 0, 0, 0, 0, 1, 1, 1, 2900.00, 'ZZ', 0),
(30008, 1, '2024-03-15 10:00:00', 1001, 1, 20004, 510105, '9栋', '2单元', '9-2-802', 105.00, 2, 2, 1, 3, 2, 1, 0, 510100, 10002, 'ZZ-0008', 8, 4, '郑国安', 1, '510105198302020088', 1, '13900010008', 103, '2024-05-01 00:00:00', '2026-04-30 23:59:59', 2, 0, 0, 3600.00, 3600.00, 1, 3, 0, 1, 1, 0, 0, 0, 0, 1, 1, 1, 3600.00, 'ZZ', 0),
(30009, 1, '2024-04-01 10:00:00', 1001, 1, 20005, 510106, '1栋', '1单元', '1-1-901', 80.00, 1, 1, 1, 2, 1, 1, 0, 510100, 10003, 'ZZ-0009', 9, 4, '黄玉兰', 1, '510106199203030099', 1, '13900010009', 104, '2024-05-01 00:00:00', '2025-10-31 23:59:59', 1, 6, 0, 2400.00, 2400.00, 1, 1, 0, 1, 1, 0, 0, 0, 0, 1, 1, 1, 2400.00, 'ZZ', 0),
(30010, 1, '2024-04-10 10:00:00', 1001, 1, 20005, 510106, '2栋', '1单元', '2-1-1001', 120.00, 2, 2, 1, 4, 2, 1, 0, 510100, 10003, 'ZZ-0010', 10, 4, '马鑫鑫', 1, '510106198801010100', 1, '13900010010', 104, '2024-06-01 00:00:00', '2026-05-31 23:59:59', 2, 0, 0, 4200.00, 4200.00, 1, 3, 0, 1, 1, 0, 0, 0, 0, 1, 1, 1, 4200.00, 'ZZ', 0);

-- ============================================================
-- 4. 整租房间 qft_whole_room (10间, 每套1间)
-- ============================================================
INSERT INTO qft_whole_room (
  id, housing_id, company_id, creater_id, create_time, is_lease, is_delete, e_money_status,
  sync_out_house_number, xy_status, transfer_status, pricing_money, deposit_money
) VALUES
(40001, 30001, 1001, 1, '2024-01-15 10:00:00', 1, 0, 0, 1, 0, 0, 3200.00, 3200.00),
(40002, 30002, 1001, 1, '2024-01-15 10:00:00', 1, 0, 0, 2, 0, 0, 3800.00, 3800.00),
(40003, 30003, 1001, 1, '2024-02-01 10:00:00', 1, 0, 0, 3, 0, 0, 2800.00, 2800.00),
(40004, 30004, 1001, 1, '2024-02-10 10:00:00', 1, 0, 0, 4, 0, 0, 4500.00, 4500.00),
(40005, 30005, 1001, 1, '2024-02-15 10:00:00', 1, 0, 0, 5, 0, 0, 3000.00, 3000.00),
(40006, 30006, 1001, 1, '2024-03-01 10:00:00', 1, 0, 0, 6, 0, 0, 4200.00, 4200.00),
(40007, 30007, 1001, 1, '2024-03-10 10:00:00', 1, 0, 0, 7, 0, 0, 3500.00, 3500.00),
(40008, 30008, 1001, 1, '2024-03-15 10:00:00', 1, 0, 0, 8, 0, 0, 4300.00, 4300.00),
(40009, 30009, 1001, 1, '2024-04-01 10:00:00', 1, 0, 0, 9, 0, 0, 2700.00, 2700.00),
(40010, 30010, 1001, 1, '2024-04-10 10:00:00', 1, 0, 0, 10, 0, 0, 5000.00, 5000.00);

-- ============================================================
-- 5. 整租租客 qft_whole_tenants (10个)
-- ============================================================
INSERT INTO qft_whole_tenants (
  id, room_id, company_id, before_audit_status, after_audit_status, electronic_contract_status, delivery_order_status,
  tenants_name, id_card, salesman_id, phone, id_type, is_delete, lease_starttime, lease_endtime,
  limit_year, limit_month, limit_day, advance_day, date_set_type, tenants_contract_nature,
  lease_price, payment_method, deposit_money, add_type, creater_id, create_time,
  use_type, sync_out_house_number, business_block, irregular_lease_price, square_type
) VALUES
(50001, 40001, 1001, 1, 0, 1, 1, '刘晓明', '510104199501010001', 100, '13811110001', 1, 0, '2024-02-01 00:00:00', '2025-01-31 23:59:59', 1, 0, 0, 5, 0, 1, 3200.00, 3, 3200.00, 0, 1, '2024-01-20 10:00:00', 1, 1, 1, 3200.00, 0),
(50002, 40002, 1001, 1, 0, 1, 1, '杨秀英', '510104199202020002', 100, '13811110002', 1, 0, '2024-03-01 00:00:00', '2025-02-28 23:59:59', 1, 0, 0, 5, 0, 1, 3800.00, 3, 3800.00, 0, 1, '2024-02-20 10:00:00', 1, 2, 1, 3800.00, 0),
(50003, 40003, 1001, 1, 0, 1, 1, '陈小龙', '510104198803030003', 101, '13811110003', 1, 0, '2024-03-01 00:00:00', '2025-02-28 23:59:59', 1, 0, 0, 5, 0, 1, 2800.00, 1, 2800.00, 0, 1, '2024-02-25 10:00:00', 1, 3, 1, 2800.00, 0),
(50004, 40004, 1001, 1, 0, 1, 1, '赵雅琴', '510104199604040004', 101, '13811110004', 1, 0, '2024-04-01 00:00:00', '2025-03-31 23:59:59', 1, 0, 0, 5, 0, 1, 4500.00, 3, 4500.00, 0, 1, '2024-03-25 10:00:00', 1, 4, 1, 4500.00, 0),
(50005, 40005, 1001, 1, 0, 1, 1, '孙文博', '510105199105050005', 102, '13811110005', 1, 0, '2024-03-15 00:00:00', '2025-03-14 23:59:59', 1, 0, 0, 5, 0, 1, 3000.00, 1, 3000.00, 0, 1, '2024-03-10 10:00:00', 1, 5, 1, 3000.00, 0),
(50006, 40006, 1001, 1, 0, 1, 1, '周婷婷', '510105199306060006', 102, '13811110006', 1, 0, '2024-04-01 00:00:00', '2025-03-31 23:59:59', 1, 0, 0, 5, 0, 1, 4200.00, 3, 4200.00, 0, 1, '2024-03-28 10:00:00', 1, 6, 1, 4200.00, 0),
(50007, 40007, 1001, 1, 0, 1, 1, '吴伟杰', '510105199007070007', 103, '13811110007', 1, 0, '2024-04-01 00:00:00', '2025-03-31 23:59:59', 1, 0, 0, 5, 0, 1, 3500.00, 1, 3500.00, 0, 1, '2024-03-30 10:00:00', 1, 7, 1, 3500.00, 0),
(50008, 40008, 1001, 1, 0, 1, 1, '郑丽娜', '510105198508080008', 103, '13811110008', 1, 0, '2024-05-01 00:00:00', '2025-04-30 23:59:59', 1, 0, 0, 5, 0, 1, 4300.00, 3, 4300.00, 0, 1, '2024-04-25 10:00:00', 1, 8, 1, 4300.00, 0),
(50009, 40009, 1001, 1, 0, 1, 1, '黄大海', '510106198709090009', 104, '13811110009', 1, 0, '2024-05-01 00:00:00', '2025-04-30 23:59:59', 1, 0, 0, 5, 0, 1, 2700.00, 1, 2700.00, 0, 1, '2024-04-28 10:00:00', 1, 9, 1, 2700.00, 0),
(50010, 40010, 1001, 1, 0, 1, 1, '马晓峰', '510106199210100010', 104, '13811110010', 1, 0, '2024-06-01 00:00:00', '2025-05-31 23:59:59', 1, 0, 0, 5, 0, 1, 5000.00, 3, 5000.00, 0, 1, '2024-05-25 10:00:00', 1, 10, 1, 5000.00, 0);

-- ============================================================
-- 6. 合租房源 qft_joint_housing (10套, 每套3-5间)
-- ============================================================
INSERT INTO qft_joint_housing (
  id, creater_id, create_time, company_id, trust_type, property_adrr, house_area, building, unit_name, door_number,
  inside_space, livingroom, bathroom, kitchen, bedroom, housing_type_id, room_count, rest_room_count,
  city_id, store_id, house_code, code_num, code_digit, housing_name, card_type, housing_card, housing_phone_type,
  housing_phone, salesman_id, hosting_create_time, hosting_end_time, contract_year, contract_month, contract_day,
  joe_price, deposit_money, tenants_contract_nature, payment_method, add_appoint, vacancy_type,
  before_audit_status, after_audit_status, is_note, is_check_out, is_delete, electronic_contract_status,
  delivery_order_status, sync_collect_room_number, irregular_lease_price, prefix
) VALUES
-- 城东门店: 4套合租
(60001, 1, '2024-01-20 10:00:00', 1001, 1, 20001, 510104, '2栋', '1单元', '2-1-101', 120.00, 1, 2, 1, 4, 2, 4, 2, 510100, 10001, 'HZ-0001', 1, 4, '田玉华', 1, '510104196501010201', 1, '13900020001', 100, '2024-02-01 00:00:00', '2026-01-31 23:59:59', 2, 0, 0, 3000.00, 3000.00, 1, 3, 0, 1, 1, 0, 0, 0, 0, 1, 1, 1, 3000.00, 'HZ'),
(60002, 1, '2024-01-25 10:00:00', 1001, 1, 20001, 510104, '2栋', '2单元', '2-2-202', 100.00, 1, 1, 1, 3, 1, 3, 1, 510100, 10001, 'HZ-0002', 2, 4, '范书强', 1, '510104197302020202', 1, '13900020002', 100, '2024-02-15 00:00:00', '2025-08-14 23:59:59', 1, 6, 0, 2800.00, 2800.00, 1, 1, 0, 1, 1, 0, 0, 0, 0, 1, 1, 2, 2800.00, 'HZ'),
(60003, 1, '2024-02-05 10:00:00', 1001, 1, 20002, 510104, '4栋', '1单元', '4-1-301', 130.00, 1, 2, 1, 5, 2, 5, 3, 510100, 10001, 'HZ-0003', 3, 4, '钟美凤', 1, '510104198004040203', 1, '13900020003', 101, '2024-03-01 00:00:00', '2026-02-28 23:59:59', 2, 0, 0, 3500.00, 3500.00, 1, 3, 0, 1, 1, 0, 0, 0, 0, 1, 1, 3, 3500.00, 'HZ'),
(60004, 1, '2024-02-10 10:00:00', 1001, 1, 20002, 510104, '6栋', '1单元', '6-1-502', 110.00, 1, 2, 1, 4, 2, 4, 1, 510100, 10001, 'HZ-0004', 4, 4, '贺建设', 1, '510104197606060204', 1, '13900020004', 101, '2024-03-15 00:00:00', '2025-09-14 23:59:59', 1, 6, 0, 3200.00, 3200.00, 1, 1, 0, 1, 1, 0, 0, 0, 0, 1, 1, 4, 3200.00, 'HZ'),
-- 城西门店: 3套合租
(60005, 1, '2024-02-20 10:00:00', 1001, 1, 20003, 510105, '3栋', '1单元', '3-1-401', 115.00, 1, 2, 1, 4, 1, 4, 2, 510100, 10002, 'HZ-0005', 5, 4, '施明远', 1, '510105198208080205', 1, '13900020005', 102, '2024-03-01 00:00:00', '2026-02-28 23:59:59', 2, 0, 0, 3100.00, 3100.00, 1, 3, 0, 1, 1, 0, 0, 0, 0, 1, 1, 5, 3100.00, 'HZ'),
(60006, 1, '2024-03-01 10:00:00', 1001, 1, 20003, 510105, '3栋', '2单元', '3-2-601', 100.00, 1, 1, 1, 3, 1, 3, 0, 510100, 10002, 'HZ-0006', 6, 4, '姚金花', 1, '510105197009090206', 1, '13900020006', 102, '2024-04-01 00:00:00', '2025-09-30 23:59:59', 1, 6, 0, 2600.00, 2600.00, 1, 1, 0, 1, 1, 0, 0, 0, 0, 1, 1, 6, 2600.00, 'HZ'),
(60007, 1, '2024-03-05 10:00:00', 1001, 1, 20004, 510105, '10栋', '1单元', '10-1-301', 125.00, 1, 2, 1, 4, 2, 4, 1, 510100, 10002, 'HZ-0007', 7, 4, '董晓光', 1, '510105198511110207', 1, '13900020007', 103, '2024-04-01 00:00:00', '2026-03-31 23:59:59', 2, 0, 0, 3300.00, 3300.00, 1, 3, 0, 1, 1, 0, 0, 0, 0, 1, 1, 7, 3300.00, 'HZ'),
-- 城北门店: 3套合租
(60008, 1, '2024-03-10 10:00:00', 1001, 1, 20005, 510106, '3栋', '1单元', '3-1-201', 95.00, 1, 1, 1, 3, 1, 3, 0, 510100, 10003, 'HZ-0008', 8, 4, '梁兴旺', 1, '510106196603030208', 1, '13900020008', 104, '2024-04-01 00:00:00', '2025-09-30 23:59:59', 1, 6, 0, 2400.00, 2400.00, 1, 1, 0, 1, 1, 0, 0, 0, 0, 1, 1, 8, 2400.00, 'HZ'),
(60009, 1, '2024-03-15 10:00:00', 1001, 1, 20005, 510106, '4栋', '1单元', '4-1-402', 105.00, 1, 2, 1, 3, 1, 3, 0, 510100, 10003, 'HZ-0009', 9, 4, '方秀珍', 1, '510106197812120209', 1, '13900020009', 104, '2024-05-01 00:00:00', '2026-04-30 23:59:59', 2, 0, 0, 2700.00, 2700.00, 1, 3, 0, 1, 1, 0, 0, 0, 0, 1, 1, 9, 2700.00, 'HZ'),
(60010, 1, '2024-04-01 10:00:00', 1001, 1, 20005, 510106, '5栋', '1单元', '5-1-503', 140.00, 1, 2, 1, 5, 2, 5, 2, 510100, 10003, 'HZ-0010', 10, 4, '韩福来', 1, '510106198407070210', 1, '13900020010', 104, '2024-06-01 00:00:00', '2026-05-31 23:59:59', 2, 0, 0, 3800.00, 3800.00, 1, 3, 0, 1, 1, 0, 0, 0, 0, 1, 1, 10, 3800.00, 'HZ');

-- ============================================================
-- 7. 合租房间 qft_joint_room (总共38间)
-- ============================================================
INSERT INTO qft_joint_room (
  id, housing_id, room_number, single_bathroom, balcony, air_conditioner, room_inside_space, room_type,
  is_lease, company_id, city_id, store_id, creater_id, create_time, is_delete, e_money_status,
  sync_out_house_number, xy_status, pricing_money, deposit_money
) VALUES
-- 60001 (4间, 2间已租)
(70001, 60001, 'A', 1, 1, 1, 18.00, 1, 1, 1001, 510100, 10001, 1, '2024-01-20 10:00:00', 0, 0, 1, 0, 1200.00, 1200.00),
(70002, 60001, 'B', 0, 0, 1, 15.00, 2, 1, 1001, 510100, 10001, 1, '2024-01-20 10:00:00', 0, 0, 2, 0, 1000.00, 1000.00),
(70003, 60001, 'C', 0, 1, 1, 16.00, 2, 0, 1001, 510100, 10001, 1, '2024-01-20 10:00:00', 0, 0, 3, 0, 1100.00, 1100.00),
(70004, 60001, 'D', 0, 0, 0, 12.00, 3, 0, 1001, 510100, 10001, 1, '2024-01-20 10:00:00', 0, 0, 4, 0, 800.00, 800.00),
-- 60002 (3间, 2间已租)
(70005, 60002, 'A', 1, 1, 1, 20.00, 1, 1, 1001, 510100, 10001, 1, '2024-01-25 10:00:00', 0, 0, 5, 0, 1300.00, 1300.00),
(70006, 60002, 'B', 0, 0, 1, 14.00, 2, 1, 1001, 510100, 10001, 1, '2024-01-25 10:00:00', 0, 0, 6, 0, 950.00, 950.00),
(70007, 60002, 'C', 0, 1, 0, 13.00, 3, 0, 1001, 510100, 10001, 1, '2024-01-25 10:00:00', 0, 0, 7, 0, 850.00, 850.00),
-- 60003 (5间, 2间已租)
(70008, 60003, 'A', 1, 1, 1, 22.00, 1, 1, 1001, 510100, 10001, 1, '2024-02-05 10:00:00', 0, 0, 8, 0, 1400.00, 1400.00),
(70009, 60003, 'B', 0, 1, 1, 16.00, 2, 1, 1001, 510100, 10001, 1, '2024-02-05 10:00:00', 0, 0, 9, 0, 1100.00, 1100.00),
(70010, 60003, 'C', 0, 0, 1, 15.00, 2, 0, 1001, 510100, 10001, 1, '2024-02-05 10:00:00', 0, 0, 10, 0, 1050.00, 1050.00),
(70011, 60003, 'D', 0, 0, 0, 12.00, 3, 0, 1001, 510100, 10001, 1, '2024-02-05 10:00:00', 0, 0, 11, 0, 800.00, 800.00),
(70012, 60003, 'E', 0, 0, 0, 10.00, 3, 0, 1001, 510100, 10001, 1, '2024-02-05 10:00:00', 0, 0, 12, 0, 750.00, 750.00),
-- 60004 (4间, 3间已租)
(70013, 60004, 'A', 1, 1, 1, 19.00, 1, 1, 1001, 510100, 10001, 1, '2024-02-10 10:00:00', 0, 0, 13, 0, 1250.00, 1250.00),
(70014, 60004, 'B', 0, 1, 1, 17.00, 2, 1, 1001, 510100, 10001, 1, '2024-02-10 10:00:00', 0, 0, 14, 0, 1150.00, 1150.00),
(70015, 60004, 'C', 0, 0, 1, 14.00, 2, 1, 1001, 510100, 10001, 1, '2024-02-10 10:00:00', 0, 0, 15, 0, 950.00, 950.00),
(70016, 60004, 'D', 0, 0, 0, 11.00, 3, 0, 1001, 510100, 10001, 1, '2024-02-10 10:00:00', 0, 0, 16, 0, 780.00, 780.00),
-- 60005 (4间, 2间已租)
(70017, 60005, 'A', 1, 1, 1, 18.00, 1, 1, 1001, 510100, 10002, 1, '2024-02-20 10:00:00', 0, 0, 17, 0, 1200.00, 1200.00),
(70018, 60005, 'B', 0, 0, 1, 15.00, 2, 1, 1001, 510100, 10002, 1, '2024-02-20 10:00:00', 0, 0, 18, 0, 1000.00, 1000.00),
(70019, 60005, 'C', 0, 1, 1, 16.00, 2, 0, 1001, 510100, 10002, 1, '2024-02-20 10:00:00', 0, 0, 19, 0, 1080.00, 1080.00),
(70020, 60005, 'D', 0, 0, 0, 12.00, 3, 0, 1001, 510100, 10002, 1, '2024-02-20 10:00:00', 0, 0, 20, 0, 800.00, 800.00),
-- 60006 (3间, 3间已租)
(70021, 60006, 'A', 1, 1, 1, 19.00, 1, 1, 1001, 510100, 10002, 1, '2024-03-01 10:00:00', 0, 0, 21, 0, 1250.00, 1250.00),
(70022, 60006, 'B', 0, 0, 1, 15.00, 2, 1, 1001, 510100, 10002, 1, '2024-03-01 10:00:00', 0, 0, 22, 0, 1000.00, 1000.00),
(70023, 60006, 'C', 0, 1, 0, 14.00, 3, 1, 1001, 510100, 10002, 1, '2024-03-01 10:00:00', 0, 0, 23, 0, 900.00, 900.00),
-- 60007 (4间, 3间已租)
(70024, 60007, 'A', 1, 1, 1, 20.00, 1, 1, 1001, 510100, 10002, 1, '2024-03-05 10:00:00', 0, 0, 24, 0, 1350.00, 1350.00),
(70025, 60007, 'B', 0, 1, 1, 16.00, 2, 1, 1001, 510100, 10002, 1, '2024-03-05 10:00:00', 0, 0, 25, 0, 1100.00, 1100.00),
(70026, 60007, 'C', 0, 0, 1, 14.00, 2, 1, 1001, 510100, 10002, 1, '2024-03-05 10:00:00', 0, 0, 26, 0, 950.00, 950.00),
(70027, 60007, 'D', 0, 0, 0, 11.00, 3, 0, 1001, 510100, 10002, 1, '2024-03-05 10:00:00', 0, 0, 27, 0, 750.00, 750.00),
-- 60008 (3间, 3间已租)
(70028, 60008, 'A', 1, 1, 1, 18.00, 1, 1, 1001, 510100, 10003, 1, '2024-03-10 10:00:00', 0, 0, 28, 0, 1100.00, 1100.00),
(70029, 60008, 'B', 0, 0, 1, 14.00, 2, 1, 1001, 510100, 10003, 1, '2024-03-10 10:00:00', 0, 0, 29, 0, 900.00, 900.00),
(70030, 60008, 'C', 0, 0, 0, 12.00, 3, 1, 1001, 510100, 10003, 1, '2024-03-10 10:00:00', 0, 0, 30, 0, 750.00, 750.00),
-- 60009 (3间, 3间已租)
(70031, 60009, 'A', 1, 1, 1, 20.00, 1, 1, 1001, 510100, 10003, 1, '2024-03-15 10:00:00', 0, 0, 31, 0, 1200.00, 1200.00),
(70032, 60009, 'B', 0, 1, 1, 16.00, 2, 1, 1001, 510100, 10003, 1, '2024-03-15 10:00:00', 0, 0, 32, 0, 1000.00, 1000.00),
(70033, 60009, 'C', 0, 0, 1, 13.00, 3, 1, 1001, 510100, 10003, 1, '2024-03-15 10:00:00', 0, 0, 33, 0, 850.00, 850.00),
-- 60010 (5间, 3间已租)
(70034, 60010, 'A', 1, 1, 1, 22.00, 1, 1, 1001, 510100, 10003, 1, '2024-04-01 10:00:00', 0, 0, 34, 0, 1400.00, 1400.00),
(70035, 60010, 'B', 0, 1, 1, 17.00, 2, 1, 1001, 510100, 10003, 1, '2024-04-01 10:00:00', 0, 0, 35, 0, 1100.00, 1100.00),
(70036, 60010, 'C', 0, 0, 1, 15.00, 2, 1, 1001, 510100, 10003, 1, '2024-04-01 10:00:00', 0, 0, 36, 0, 950.00, 950.00),
(70037, 60010, 'D', 0, 0, 0, 12.00, 3, 0, 1001, 510100, 10003, 1, '2024-04-01 10:00:00', 0, 0, 37, 0, 800.00, 800.00),
(70038, 60010, 'E', 0, 0, 0, 10.00, 3, 0, 1001, 510100, 10003, 1, '2024-04-01 10:00:00', 0, 0, 38, 0, 700.00, 700.00);

-- ============================================================
-- 8. 合租租客 qft_joint_tenants (20个, 包含张三)
-- ============================================================
INSERT INTO qft_joint_tenants (
  id, room_id, company_id, before_audit_status, after_audit_status, electronic_contract_status, delivery_order_status,
  tenants_name, id_card, salesman_id, phone, id_type, is_delete, lease_starttime, lease_endtime,
  limit_year, limit_month, limit_day, advance_day, date_set_type, tenants_contract_nature,
  lease_price, payment_method, deposit_money, add_type, creater_id, create_time,
  sync_out_house_number, business_block, irregular_lease_price, square_type
) VALUES
-- 60001 的2个租客
(80001, 70001, 1001, 1, 0, 1, 1, '张三', '510104199501150001', 100, '13822220001', 1, 0, '2024-03-01 00:00:00', '2025-02-28 23:59:59', 1, 0, 0, 5, 0, 1, 1200.00, 3, 1200.00, 0, 1, '2024-02-25 10:00:00', 1, 1, 1200.00, 1),
(80002, 70002, 1001, 1, 0, 1, 1, '李思琪', '510104199703200002', 100, '13822220002', 1, 0, '2024-03-01 00:00:00', '2025-02-28 23:59:59', 1, 0, 0, 5, 0, 1, 1000.00, 3, 1000.00, 0, 1, '2024-02-25 10:00:00', 2, 1, 1000.00, 1),
-- 60002 的2个租客
(80003, 70005, 1001, 1, 0, 1, 1, '王大锤', '510104199408100003', 100, '13822220003', 1, 0, '2024-03-15 00:00:00', '2025-03-14 23:59:59', 1, 0, 0, 5, 0, 1, 1300.00, 1, 1300.00, 0, 1, '2024-03-10 10:00:00', 3, 1, 1300.00, 1),
(80004, 70006, 1001, 1, 0, 1, 1, '何小芳', '510104199605150004', 100, '13822220004', 1, 0, '2024-04-01 00:00:00', '2025-03-31 23:59:59', 1, 0, 0, 5, 0, 1, 950.00, 1, 950.00, 0, 1, '2024-03-28 10:00:00', 4, 1, 950.00, 1),
-- 60003 的2个租客
(80005, 70008, 1001, 1, 0, 1, 1, '林小军', '510104199109090005', 101, '13822220005', 1, 0, '2024-04-01 00:00:00', '2025-03-31 23:59:59', 1, 0, 0, 5, 0, 1, 1400.00, 3, 1400.00, 0, 1, '2024-03-28 10:00:00', 5, 1, 1400.00, 1),
(80006, 70009, 1001, 1, 0, 1, 1, '郭美丽', '510104199212120006', 101, '13822220006', 1, 0, '2024-04-01 00:00:00', '2025-03-31 23:59:59', 1, 0, 0, 5, 0, 1, 1100.00, 3, 1100.00, 0, 1, '2024-03-28 10:00:00', 6, 1, 1100.00, 1),
-- 60004 的3个租客
(80007, 70013, 1001, 1, 0, 1, 1, '高飞翔', '510104199007070007', 101, '13822220007', 1, 0, '2024-04-15 00:00:00', '2025-04-14 23:59:59', 1, 0, 0, 5, 0, 1, 1250.00, 1, 1250.00, 0, 1, '2024-04-10 10:00:00', 7, 1, 1250.00, 1),
(80008, 70014, 1001, 1, 0, 1, 1, '卢春燕', '510104198811110008', 101, '13822220008', 1, 0, '2024-04-15 00:00:00', '2025-04-14 23:59:59', 1, 0, 0, 5, 0, 1, 1150.00, 1, 1150.00, 0, 1, '2024-04-10 10:00:00', 8, 1, 1150.00, 1),
(80009, 70015, 1001, 1, 0, 1, 1, '程世杰', '510104199304040009', 101, '13822220009', 1, 0, '2024-05-01 00:00:00', '2025-04-30 23:59:59', 1, 0, 0, 5, 0, 1, 950.00, 1, 950.00, 0, 1, '2024-04-28 10:00:00', 9, 1, 950.00, 1),
-- 60005 的2个租客
(80010, 70017, 1001, 1, 0, 1, 1, '谢晓红', '510105199506060010', 102, '13822220010', 1, 0, '2024-04-01 00:00:00', '2025-03-31 23:59:59', 1, 0, 0, 5, 0, 1, 1200.00, 3, 1200.00, 0, 1, '2024-03-28 10:00:00', 10, 1, 1200.00, 1),
(80011, 70018, 1001, 1, 0, 1, 1, '余文斌', '510105199108080011', 102, '13822220011', 1, 0, '2024-04-01 00:00:00', '2025-03-31 23:59:59', 1, 0, 0, 5, 0, 1, 1000.00, 3, 1000.00, 0, 1, '2024-03-28 10:00:00', 11, 1, 1000.00, 1),
-- 60006 的3个租客
(80012, 70021, 1001, 1, 0, 1, 1, '魏子豪', '510105199302020012', 102, '13822220012', 1, 0, '2024-05-01 00:00:00', '2025-04-30 23:59:59', 1, 0, 0, 5, 0, 1, 1250.00, 1, 1250.00, 0, 1, '2024-04-28 10:00:00', 12, 1, 1250.00, 1),
(80013, 70022, 1001, 1, 0, 1, 1, '邹丽华', '510105198705050013', 102, '13822220013', 1, 0, '2024-05-01 00:00:00', '2025-04-30 23:59:59', 1, 0, 0, 5, 0, 1, 1000.00, 1, 1000.00, 0, 1, '2024-04-28 10:00:00', 13, 1, 1000.00, 1),
(80014, 70023, 1001, 1, 0, 1, 1, '尹志强', '510105199410100014', 102, '13822220014', 1, 0, '2024-05-01 00:00:00', '2025-04-30 23:59:59', 1, 0, 0, 5, 0, 1, 900.00, 1, 900.00, 0, 1, '2024-04-28 10:00:00', 14, 1, 900.00, 1),
-- 60007 的3个租客
(80015, 70024, 1001, 1, 0, 1, 1, '冯天宇', '510105199201010015', 103, '13822220015', 1, 0, '2024-05-01 00:00:00', '2025-04-30 23:59:59', 1, 0, 0, 5, 0, 1, 1350.00, 3, 1350.00, 0, 1, '2024-04-28 10:00:00', 15, 1, 1350.00, 1),
(80016, 70025, 1001, 1, 0, 1, 1, '沈雪梅', '510105199603030016', 103, '13822220016', 1, 0, '2024-05-15 00:00:00', '2025-05-14 23:59:59', 1, 0, 0, 5, 0, 1, 1100.00, 3, 1100.00, 0, 1, '2024-05-10 10:00:00', 16, 1, 1100.00, 1),
(80017, 70026, 1001, 1, 0, 1, 1, '彭小伟', '510105199408080017', 103, '13822220017', 1, 0, '2024-06-01 00:00:00', '2025-05-31 23:59:59', 1, 0, 0, 5, 0, 1, 950.00, 1, 950.00, 0, 1, '2024-05-28 10:00:00', 17, 1, 950.00, 1),
-- 60008/60009/60010 各1个租客
(80018, 70028, 1001, 1, 0, 1, 1, '唐丽萍', '510106199007070018', 104, '13822220018', 1, 0, '2024-05-01 00:00:00', '2025-04-30 23:59:59', 1, 0, 0, 5, 0, 1, 1100.00, 1, 1100.00, 0, 1, '2024-04-28 10:00:00', 18, 1, 1100.00, 1),
(80019, 70031, 1001, 1, 0, 1, 1, '曹国庆', '510106198812120019', 104, '13822220019', 1, 0, '2024-06-01 00:00:00', '2025-05-31 23:59:59', 1, 0, 0, 5, 0, 1, 1200.00, 3, 1200.00, 0, 1, '2024-05-28 10:00:00', 19, 1, 1200.00, 1),
(80020, 70034, 1001, 1, 0, 1, 1, '邓宇航', '510106199505050020', 104, '13822220020', 1, 0, '2024-07-01 00:00:00', '2025-06-30 23:59:59', 1, 0, 0, 5, 0, 1, 1400.00, 3, 1400.00, 0, 1, '2024-06-25 10:00:00', 20, 1, 1400.00, 1);

-- ============================================================
-- 9. 整租账单 qft_whole_bill_expend (每个整租租客2-3个月)
-- pay_status: 1=未付, 2=已付部分, 3=已付完
-- ============================================================
INSERT INTO qft_whole_bill_expend (
  id, company_id, housing_id, city_id, store_id, renew_id, payer_id,
  expend_type, expend_source, pay_count, log_index, free_rent_day, free_rent_money,
  housing_money, pay_date, pay_money, final_money, real_money, arrear_money, real_pay_date,
  valid_start_time, valid_end_time, interval_year, interval_month, interval_day,
  is_check_out, pay_status, is_deposit, is_history, creater_id, is_delete, transfer_status
) VALUES
-- 租客50001(刘晓明) 房源30001, 季付2800/月, 3个月账单
(90001, 1001, 30001, 510100, 10001, 0, 50001, 1, 1, 1, 1, 0, 0.00, 2800.00, '2024-01-26 00:00:00', 8400.00, 8400.00, 8400.00, 0.00, '2024-01-26 10:00:00', '2024-02-01 00:00:00', '2024-04-30 23:59:59', 0, 3, 0, 2, 3, 0, 0, 1, 0, 0),
(90002, 1001, 30001, 510100, 10001, 0, 50001, 1, 1, 2, 2, 0, 0.00, 2800.00, '2024-04-26 00:00:00', 8400.00, 8400.00, 8400.00, 0.00, '2024-04-26 10:00:00', '2024-05-01 00:00:00', '2024-07-31 23:59:59', 0, 3, 0, 2, 3, 0, 0, 1, 0, 0),
(90003, 1001, 30001, 510100, 10001, 0, 50001, 1, 1, 3, 3, 0, 0.00, 2800.00, '2024-07-26 00:00:00', 8400.00, 8400.00, 0.00, 8400.00, NULL, '2024-08-01 00:00:00', '2024-10-31 23:59:59', 0, 3, 0, 2, 1, 0, 0, 1, 0, 0),
-- 租客50002(杨秀英) 房源30002, 季付3200/月, 3个月
(90004, 1001, 30002, 510100, 10001, 0, 50002, 1, 1, 1, 1, 0, 0.00, 3200.00, '2024-02-25 00:00:00', 9600.00, 9600.00, 9600.00, 0.00, '2024-02-25 10:00:00', '2024-03-01 00:00:00', '2024-05-31 23:59:59', 0, 3, 0, 2, 3, 0, 0, 1, 0, 0),
(90005, 1001, 30002, 510100, 10001, 0, 50002, 1, 1, 2, 2, 0, 0.00, 3200.00, '2024-05-26 00:00:00', 9600.00, 9600.00, 9600.00, 0.00, '2024-05-26 10:00:00', '2024-06-01 00:00:00', '2024-08-31 23:59:59', 0, 3, 0, 2, 3, 0, 0, 1, 0, 0),
(90006, 1001, 30002, 510100, 10001, 0, 50002, 1, 1, 3, 3, 0, 0.00, 3200.00, '2024-08-26 00:00:00', 9600.00, 9600.00, 5000.00, 4600.00, NULL, '2024-09-01 00:00:00', '2024-11-30 23:59:59', 0, 3, 0, 2, 2, 0, 0, 1, 0, 0),
-- 租客50003(陈小龙) 房源30003, 月付2500/月, 2个月
(90007, 1001, 30003, 510100, 10001, 0, 50003, 1, 1, 1, 1, 0, 0.00, 2500.00, '2024-02-25 00:00:00', 2500.00, 2500.00, 2500.00, 0.00, '2024-02-25 10:00:00', '2024-03-01 00:00:00', '2024-03-31 23:59:59', 0, 1, 0, 2, 3, 0, 0, 1, 0, 0),
(90008, 1001, 30003, 510100, 10001, 0, 50003, 1, 1, 2, 2, 0, 0.00, 2500.00, '2024-03-26 00:00:00', 2500.00, 2500.00, 2500.00, 0.00, '2024-03-28 10:00:00', '2024-04-01 00:00:00', '2024-04-30 23:59:59', 0, 1, 0, 2, 3, 0, 0, 1, 0, 0),
-- 租客50004(赵雅琴) 房源30004, 季付3800/月, 2个月
(90009, 1001, 30004, 510100, 10001, 0, 50004, 1, 1, 1, 1, 0, 0.00, 3800.00, '2024-03-26 00:00:00', 11400.00, 11400.00, 11400.00, 0.00, '2024-03-26 10:00:00', '2024-04-01 00:00:00', '2024-06-30 23:59:59', 0, 3, 0, 2, 3, 0, 0, 1, 0, 0),
(90010, 1001, 30004, 510100, 10001, 0, 50004, 1, 1, 2, 2, 0, 0.00, 3800.00, '2024-06-26 00:00:00', 11400.00, 11400.00, 11400.00, 0.00, '2024-06-28 10:00:00', '2024-07-01 00:00:00', '2024-09-30 23:59:59', 0, 3, 0, 2, 3, 0, 0, 1, 0, 0),
-- 租客50005(孙文博) 房源30005, 月付2600/月, 3个月
(90011, 1001, 30005, 510100, 10002, 0, 50005, 1, 1, 1, 1, 0, 0.00, 2600.00, '2024-03-10 00:00:00', 2600.00, 2600.00, 2600.00, 0.00, '2024-03-10 10:00:00', '2024-03-15 00:00:00', '2024-04-14 23:59:59', 0, 1, 0, 2, 3, 0, 0, 1, 0, 0),
(90012, 1001, 30005, 510100, 10002, 0, 50005, 1, 1, 2, 2, 0, 0.00, 2600.00, '2024-04-10 00:00:00', 2600.00, 2600.00, 2600.00, 0.00, '2024-04-12 10:00:00', '2024-04-15 00:00:00', '2024-05-14 23:59:59', 0, 1, 0, 2, 3, 0, 0, 1, 0, 0),
(90013, 1001, 30005, 510100, 10002, 0, 50005, 1, 1, 3, 3, 0, 0.00, 2600.00, '2024-05-10 00:00:00', 2600.00, 2600.00, 0.00, 2600.00, NULL, '2024-05-15 00:00:00', '2024-06-14 23:59:59', 0, 1, 0, 2, 1, 0, 0, 1, 0, 0),
-- 租客50006(周婷婷) 房源30006, 季付3500/月, 2个月
(90014, 1001, 30006, 510100, 10002, 0, 50006, 1, 1, 1, 1, 0, 0.00, 3500.00, '2024-03-26 00:00:00', 10500.00, 10500.00, 10500.00, 0.00, '2024-03-28 10:00:00', '2024-04-01 00:00:00', '2024-06-30 23:59:59', 0, 3, 0, 2, 3, 0, 0, 1, 0, 0),
(90015, 1001, 30006, 510100, 10002, 0, 50006, 1, 1, 2, 2, 0, 0.00, 3500.00, '2024-06-26 00:00:00', 10500.00, 10500.00, 10500.00, 0.00, '2024-06-28 10:00:00', '2024-07-01 00:00:00', '2024-09-30 23:59:59', 0, 3, 0, 2, 3, 0, 0, 1, 0, 0),
-- 租客50007(吴伟杰) 房源30007, 月付2900/月, 2个月
(90016, 1001, 30007, 510100, 10002, 0, 50007, 1, 1, 1, 1, 0, 0.00, 2900.00, '2024-03-26 00:00:00', 2900.00, 2900.00, 2900.00, 0.00, '2024-03-28 10:00:00', '2024-04-01 00:00:00', '2024-04-30 23:59:59', 0, 1, 0, 2, 3, 0, 0, 1, 0, 0),
(90017, 1001, 30007, 510100, 10002, 0, 50007, 1, 1, 2, 2, 0, 0.00, 2900.00, '2024-04-26 00:00:00', 2900.00, 2900.00, 2900.00, 0.00, '2024-04-28 10:00:00', '2024-05-01 00:00:00', '2024-05-31 23:59:59', 0, 1, 0, 2, 3, 0, 0, 1, 0, 0),
-- 租客50008(郑丽娜) 房源30008, 季付3600/月, 2个月
(90018, 1001, 30008, 510100, 10002, 0, 50008, 1, 1, 1, 1, 0, 0.00, 3600.00, '2024-04-26 00:00:00', 10800.00, 10800.00, 10800.00, 0.00, '2024-04-28 10:00:00', '2024-05-01 00:00:00', '2024-07-31 23:59:59', 0, 3, 0, 2, 3, 0, 0, 1, 0, 0),
(90019, 1001, 30008, 510100, 10002, 0, 50008, 1, 1, 2, 2, 0, 0.00, 3600.00, '2024-07-26 00:00:00', 10800.00, 10800.00, 0.00, 10800.00, NULL, '2024-08-01 00:00:00', '2024-10-31 23:59:59', 0, 3, 0, 2, 1, 0, 0, 1, 0, 0),
-- 租客50009(黄大海) 房源30009, 月付2400/月, 2个月
(90020, 1001, 30009, 510100, 10003, 0, 50009, 1, 1, 1, 1, 0, 0.00, 2400.00, '2024-04-26 00:00:00', 2400.00, 2400.00, 2400.00, 0.00, '2024-04-28 10:00:00', '2024-05-01 00:00:00', '2024-05-31 23:59:59', 0, 1, 0, 2, 3, 0, 0, 1, 0, 0),
(90021, 1001, 30009, 510100, 10003, 0, 50009, 1, 1, 2, 2, 0, 0.00, 2400.00, '2024-05-26 00:00:00', 2400.00, 2400.00, 2400.00, 0.00, '2024-05-28 10:00:00', '2024-06-01 00:00:00', '2024-06-30 23:59:59', 0, 1, 0, 2, 3, 0, 0, 1, 0, 0),
-- 租客50010(马晓峰) 房源30010, 季付4200/月, 2个月
(90022, 1001, 30010, 510100, 10003, 0, 50010, 1, 1, 1, 1, 0, 0.00, 4200.00, '2024-05-26 00:00:00', 12600.00, 12600.00, 12600.00, 0.00, '2024-05-28 10:00:00', '2024-06-01 00:00:00', '2024-08-31 23:59:59', 0, 3, 0, 2, 3, 0, 0, 1, 0, 0),
(90023, 1001, 30010, 510100, 10003, 0, 50010, 1, 1, 2, 2, 0, 0.00, 4200.00, '2024-08-26 00:00:00', 12600.00, 12600.00, 12600.00, 0.00, '2024-08-28 10:00:00', '2024-09-01 00:00:00', '2024-11-30 23:59:59', 0, 3, 0, 2, 3, 0, 0, 1, 0, 0);

-- ============================================================
-- 10. 合租账单 qft_joint_tenants_income (每个合租租客2-3个月)
-- business_type=3(合租), contract_type=1(正常)
-- pay_status: 1=未收, 2=收部分, 3=已收完
-- 欠费租客: 张三(80001), 王大锤(80003), 高飞翔(80007), 尹志强(80014), 邓宇航(80020)
-- ============================================================
INSERT INTO qft_joint_tenants_income (
  id, company_id, housing_id, room_id, city_id, store_id, tenants_id,
  business_type, contract_type, pay_count, log_index, other_cost, house_money,
  collection_date, start_valid_date, end_valid_date,
  pay_money, final_money, real_money, debt_money, real_pay_date, pay_status,
  interval_year, interval_month, interval_day,
  is_deposit, is_history, creater_id, is_delete, transfer_status
) VALUES
-- 张三(80001) 房间70001, 季付1200/月, 3个账单, 第3个有欠费
(95001, 1001, 60001, 70001, 510100, 10001, 80001, 3, 1, 1, 1, 0.00, 1200.00, '2024-02-25 00:00:00', '2024-03-01 00:00:00', '2024-05-31 23:59:59', 3600.00, 3600.00, 3600.00, 0.00, '2024-02-25 10:00:00', 3, 0, 3, 0, 0, 0, 1, 0, 0),
(95002, 1001, 60001, 70001, 510100, 10001, 80001, 3, 1, 2, 2, 0.00, 1200.00, '2024-05-26 00:00:00', '2024-06-01 00:00:00', '2024-08-31 23:59:59', 3600.00, 3600.00, 3600.00, 0.00, '2024-05-28 10:00:00', 3, 0, 3, 0, 0, 0, 1, 0, 0),
(95003, 1001, 60001, 70001, 510100, 10001, 80001, 3, 1, 3, 3, 0.00, 1200.00, '2024-08-26 00:00:00', '2024-09-01 00:00:00', '2024-11-30 23:59:59', 3600.00, 3600.00, 2000.00, 1600.00, NULL, 2, 0, 3, 0, 0, 0, 1, 0, 0),
-- 李思琪(80002) 房间70002, 季付1000/月, 2个账单
(95004, 1001, 60001, 70002, 510100, 10001, 80002, 3, 1, 1, 1, 0.00, 1000.00, '2024-02-25 00:00:00', '2024-03-01 00:00:00', '2024-05-31 23:59:59', 3000.00, 3000.00, 3000.00, 0.00, '2024-02-26 10:00:00', 3, 0, 3, 0, 0, 0, 1, 0, 0),
(95005, 1001, 60001, 70002, 510100, 10001, 80002, 3, 1, 2, 2, 0.00, 1000.00, '2024-05-26 00:00:00', '2024-06-01 00:00:00', '2024-08-31 23:59:59', 3000.00, 3000.00, 3000.00, 0.00, '2024-05-28 10:00:00', 3, 0, 3, 0, 0, 0, 1, 0, 0),
-- 王大锤(80003) 房间70005, 月付1300/月, 3个账单, 第3个欠费
(95006, 1001, 60002, 70005, 510100, 10001, 80003, 3, 1, 1, 1, 0.00, 1300.00, '2024-03-10 00:00:00', '2024-03-15 00:00:00', '2024-04-14 23:59:59', 1300.00, 1300.00, 1300.00, 0.00, '2024-03-10 10:00:00', 3, 0, 1, 0, 0, 0, 1, 0, 0),
(95007, 1001, 60002, 70005, 510100, 10001, 80003, 3, 1, 2, 2, 0.00, 1300.00, '2024-04-10 00:00:00', '2024-04-15 00:00:00', '2024-05-14 23:59:59', 1300.00, 1300.00, 1300.00, 0.00, '2024-04-12 10:00:00', 3, 0, 1, 0, 0, 0, 1, 0, 0),
(95008, 1001, 60002, 70005, 510100, 10001, 80003, 3, 1, 3, 3, 0.00, 1300.00, '2024-05-10 00:00:00', '2024-05-15 00:00:00', '2024-06-14 23:59:59', 1300.00, 1300.00, 0.00, 1300.00, NULL, 1, 0, 1, 0, 0, 0, 1, 0, 0),
-- 何小芳(80004) 房间70006, 月付950/月, 2个账单
(95009, 1001, 60002, 70006, 510100, 10001, 80004, 3, 1, 1, 1, 0.00, 950.00, '2024-03-26 00:00:00', '2024-04-01 00:00:00', '2024-04-30 23:59:59', 950.00, 950.00, 950.00, 0.00, '2024-03-28 10:00:00', 3, 0, 1, 0, 0, 0, 1, 0, 0),
(95010, 1001, 60002, 70006, 510100, 10001, 80004, 3, 1, 2, 2, 0.00, 950.00, '2024-04-26 00:00:00', '2024-05-01 00:00:00', '2024-05-31 23:59:59', 950.00, 950.00, 950.00, 0.00, '2024-04-28 10:00:00', 3, 0, 1, 0, 0, 0, 1, 0, 0),
-- 林小军(80005) 房间70008, 季付1400/月, 2个账单
(95011, 1001, 60003, 70008, 510100, 10001, 80005, 3, 1, 1, 1, 0.00, 1400.00, '2024-03-26 00:00:00', '2024-04-01 00:00:00', '2024-06-30 23:59:59', 4200.00, 4200.00, 4200.00, 0.00, '2024-03-28 10:00:00', 3, 0, 3, 0, 0, 0, 1, 0, 0),
(95012, 1001, 60003, 70008, 510100, 10001, 80005, 3, 1, 2, 2, 0.00, 1400.00, '2024-06-26 00:00:00', '2024-07-01 00:00:00', '2024-09-30 23:59:59', 4200.00, 4200.00, 4200.00, 0.00, '2024-06-28 10:00:00', 3, 0, 3, 0, 0, 0, 1, 0, 0),
-- 郭美丽(80006) 房间70009, 季付1100/月, 2个账单
(95013, 1001, 60003, 70009, 510100, 10001, 80006, 3, 1, 1, 1, 0.00, 1100.00, '2024-03-26 00:00:00', '2024-04-01 00:00:00', '2024-06-30 23:59:59', 3300.00, 3300.00, 3300.00, 0.00, '2024-03-28 10:00:00', 3, 0, 3, 0, 0, 0, 1, 0, 0),
(95014, 1001, 60003, 70009, 510100, 10001, 80006, 3, 1, 2, 2, 0.00, 1100.00, '2024-06-26 00:00:00', '2024-07-01 00:00:00', '2024-09-30 23:59:59', 3300.00, 3300.00, 3300.00, 0.00, '2024-06-28 10:00:00', 3, 0, 3, 0, 0, 0, 1, 0, 0),
-- 高飞翔(80007) 房间70013, 月付1250/月, 3个账单, 第3个欠费
(95015, 1001, 60004, 70013, 510100, 10001, 80007, 3, 1, 1, 1, 0.00, 1250.00, '2024-04-10 00:00:00', '2024-04-15 00:00:00', '2024-05-14 23:59:59', 1250.00, 1250.00, 1250.00, 0.00, '2024-04-10 10:00:00', 3, 0, 1, 0, 0, 0, 1, 0, 0),
(95016, 1001, 60004, 70013, 510100, 10001, 80007, 3, 1, 2, 2, 0.00, 1250.00, '2024-05-10 00:00:00', '2024-05-15 00:00:00', '2024-06-14 23:59:59', 1250.00, 1250.00, 1250.00, 0.00, '2024-05-12 10:00:00', 3, 0, 1, 0, 0, 0, 1, 0, 0),
(95017, 1001, 60004, 70013, 510100, 10001, 80007, 3, 1, 3, 3, 0.00, 1250.00, '2024-06-10 00:00:00', '2024-06-15 00:00:00', '2024-07-14 23:59:59', 1250.00, 1250.00, 500.00, 750.00, NULL, 2, 0, 1, 0, 0, 0, 1, 0, 0),
-- 卢春燕(80008) 房间70014, 月付1150/月, 2个账单
(95018, 1001, 60004, 70014, 510100, 10001, 80008, 3, 1, 1, 1, 0.00, 1150.00, '2024-04-10 00:00:00', '2024-04-15 00:00:00', '2024-05-14 23:59:59', 1150.00, 1150.00, 1150.00, 0.00, '2024-04-10 10:00:00', 3, 0, 1, 0, 0, 0, 1, 0, 0),
(95019, 1001, 60004, 70014, 510100, 10001, 80008, 3, 1, 2, 2, 0.00, 1150.00, '2024-05-10 00:00:00', '2024-05-15 00:00:00', '2024-06-14 23:59:59', 1150.00, 1150.00, 1150.00, 0.00, '2024-05-12 10:00:00', 3, 0, 1, 0, 0, 0, 1, 0, 0),
-- 程世杰(80009) 房间70015, 月付950/月, 2个账单
(95020, 1001, 60004, 70015, 510100, 10001, 80009, 3, 1, 1, 1, 0.00, 950.00, '2024-04-26 00:00:00', '2024-05-01 00:00:00', '2024-05-31 23:59:59', 950.00, 950.00, 950.00, 0.00, '2024-04-28 10:00:00', 3, 0, 1, 0, 0, 0, 1, 0, 0),
(95021, 1001, 60004, 70015, 510100, 10001, 80009, 3, 1, 2, 2, 0.00, 950.00, '2024-05-26 00:00:00', '2024-06-01 00:00:00', '2024-06-30 23:59:59', 950.00, 950.00, 950.00, 0.00, '2024-05-28 10:00:00', 3, 0, 1, 0, 0, 0, 1, 0, 0),
-- 谢晓红(80010) 房间70017, 季付1200/月, 2个账单
(95022, 1001, 60005, 70017, 510100, 10002, 80010, 3, 1, 1, 1, 0.00, 1200.00, '2024-03-26 00:00:00', '2024-04-01 00:00:00', '2024-06-30 23:59:59', 3600.00, 3600.00, 3600.00, 0.00, '2024-03-28 10:00:00', 3, 0, 3, 0, 0, 0, 1, 0, 0),
(95023, 1001, 60005, 70017, 510100, 10002, 80010, 3, 1, 2, 2, 0.00, 1200.00, '2024-06-26 00:00:00', '2024-07-01 00:00:00', '2024-09-30 23:59:59', 3600.00, 3600.00, 3600.00, 0.00, '2024-06-28 10:00:00', 3, 0, 3, 0, 0, 0, 1, 0, 0),
-- 余文斌(80011) 房间70018, 季付1000/月, 2个账单
(95024, 1001, 60005, 70018, 510100, 10002, 80011, 3, 1, 1, 1, 0.00, 1000.00, '2024-03-26 00:00:00', '2024-04-01 00:00:00', '2024-06-30 23:59:59', 3000.00, 3000.00, 3000.00, 0.00, '2024-03-28 10:00:00', 3, 0, 3, 0, 0, 0, 1, 0, 0),
(95025, 1001, 60005, 70018, 510100, 10002, 80011, 3, 1, 2, 2, 0.00, 1000.00, '2024-06-26 00:00:00', '2024-07-01 00:00:00', '2024-09-30 23:59:59', 3000.00, 3000.00, 3000.00, 0.00, '2024-06-28 10:00:00', 3, 0, 3, 0, 0, 0, 1, 0, 0),
-- 魏子豪(80012) 房间70021, 月付1250/月, 2个账单
(95026, 1001, 60006, 70021, 510100, 10002, 80012, 3, 1, 1, 1, 0.00, 1250.00, '2024-04-26 00:00:00', '2024-05-01 00:00:00', '2024-05-31 23:59:59', 1250.00, 1250.00, 1250.00, 0.00, '2024-04-28 10:00:00', 3, 0, 1, 0, 0, 0, 1, 0, 0),
(95027, 1001, 60006, 70021, 510100, 10002, 80012, 3, 1, 2, 2, 0.00, 1250.00, '2024-05-26 00:00:00', '2024-06-01 00:00:00', '2024-06-30 23:59:59', 1250.00, 1250.00, 1250.00, 0.00, '2024-05-28 10:00:00', 3, 0, 1, 0, 0, 0, 1, 0, 0),
-- 邹丽华(80013) 房间70022, 月付1000/月, 2个账单
(95028, 1001, 60006, 70022, 510100, 10002, 80013, 3, 1, 1, 1, 0.00, 1000.00, '2024-04-26 00:00:00', '2024-05-01 00:00:00', '2024-05-31 23:59:59', 1000.00, 1000.00, 1000.00, 0.00, '2024-04-28 10:00:00', 3, 0, 1, 0, 0, 0, 1, 0, 0),
(95029, 1001, 60006, 70022, 510100, 10002, 80013, 3, 1, 2, 2, 0.00, 1000.00, '2024-05-26 00:00:00', '2024-06-01 00:00:00', '2024-06-30 23:59:59', 1000.00, 1000.00, 1000.00, 0.00, '2024-05-28 10:00:00', 3, 0, 1, 0, 0, 0, 1, 0, 0),
-- 尹志强(80014) 房间70023, 月付900/月, 3个账单, 第3个有欠费
(95030, 1001, 60006, 70023, 510100, 10002, 80014, 3, 1, 1, 1, 0.00, 900.00, '2024-04-26 00:00:00', '2024-05-01 00:00:00', '2024-05-31 23:59:59', 900.00, 900.00, 900.00, 0.00, '2024-04-28 10:00:00', 3, 0, 1, 0, 0, 0, 1, 0, 0),
(95031, 1001, 60006, 70023, 510100, 10002, 80014, 3, 1, 2, 2, 0.00, 900.00, '2024-05-26 00:00:00', '2024-06-01 00:00:00', '2024-06-30 23:59:59', 900.00, 900.00, 900.00, 0.00, '2024-05-28 10:00:00', 3, 0, 1, 0, 0, 0, 1, 0, 0),
(95032, 1001, 60006, 70023, 510100, 10002, 80014, 3, 1, 3, 3, 0.00, 900.00, '2024-06-26 00:00:00', '2024-07-01 00:00:00', '2024-07-31 23:59:59', 900.00, 900.00, 0.00, 900.00, NULL, 1, 0, 1, 0, 0, 0, 1, 0, 0),
-- 冯天宇(80015) 房间70024, 季付1350/月, 2个账单
(95033, 1001, 60007, 70024, 510100, 10002, 80015, 3, 1, 1, 1, 0.00, 1350.00, '2024-04-26 00:00:00', '2024-05-01 00:00:00', '2024-07-31 23:59:59', 4050.00, 4050.00, 4050.00, 0.00, '2024-04-28 10:00:00', 3, 0, 3, 0, 0, 0, 1, 0, 0),
(95034, 1001, 60007, 70024, 510100, 10002, 80015, 3, 1, 2, 2, 0.00, 1350.00, '2024-07-26 00:00:00', '2024-08-01 00:00:00', '2024-10-31 23:59:59', 4050.00, 4050.00, 4050.00, 0.00, '2024-07-28 10:00:00', 3, 0, 3, 0, 0, 0, 1, 0, 0),
-- 沈雪梅(80016) 房间70025, 季付1100/月, 2个账单
(95035, 1001, 60007, 70025, 510100, 10002, 80016, 3, 1, 1, 1, 0.00, 1100.00, '2024-05-10 00:00:00', '2024-05-15 00:00:00', '2024-08-14 23:59:59', 3300.00, 3300.00, 3300.00, 0.00, '2024-05-10 10:00:00', 3, 0, 3, 0, 0, 0, 1, 0, 0),
(95036, 1001, 60007, 70025, 510100, 10002, 80016, 3, 1, 2, 2, 0.00, 1100.00, '2024-08-10 00:00:00', '2024-08-15 00:00:00', '2024-11-14 23:59:59', 3300.00, 3300.00, 3300.00, 0.00, '2024-08-12 10:00:00', 3, 0, 3, 0, 0, 0, 1, 0, 0),
-- 彭小伟(80017) 房间70026, 月付950/月, 2个账单
(95037, 1001, 60007, 70026, 510100, 10002, 80017, 3, 1, 1, 1, 0.00, 950.00, '2024-05-26 00:00:00', '2024-06-01 00:00:00', '2024-06-30 23:59:59', 950.00, 950.00, 950.00, 0.00, '2024-05-28 10:00:00', 3, 0, 1, 0, 0, 0, 1, 0, 0),
(95038, 1001, 60007, 70026, 510100, 10002, 80017, 3, 1, 2, 2, 0.00, 950.00, '2024-06-26 00:00:00', '2024-07-01 00:00:00', '2024-07-31 23:59:59', 950.00, 950.00, 950.00, 0.00, '2024-06-28 10:00:00', 3, 0, 1, 0, 0, 0, 1, 0, 0),
-- 唐丽萍(80018) 房间70028, 月付1100/月, 2个账单
(95039, 1001, 60008, 70028, 510100, 10003, 80018, 3, 1, 1, 1, 0.00, 1100.00, '2024-04-26 00:00:00', '2024-05-01 00:00:00', '2024-05-31 23:59:59', 1100.00, 1100.00, 1100.00, 0.00, '2024-04-28 10:00:00', 3, 0, 1, 0, 0, 0, 1, 0, 0),
(95040, 1001, 60008, 70028, 510100, 10003, 80018, 3, 1, 2, 2, 0.00, 1100.00, '2024-05-26 00:00:00', '2024-06-01 00:00:00', '2024-06-30 23:59:59', 1100.00, 1100.00, 1100.00, 0.00, '2024-05-28 10:00:00', 3, 0, 1, 0, 0, 0, 1, 0, 0),
-- 曹国庆(80019) 房间70031, 季付1200/月, 2个账单
(95041, 1001, 60009, 70031, 510100, 10003, 80019, 3, 1, 1, 1, 0.00, 1200.00, '2024-05-26 00:00:00', '2024-06-01 00:00:00', '2024-08-31 23:59:59', 3600.00, 3600.00, 3600.00, 0.00, '2024-05-28 10:00:00', 3, 0, 3, 0, 0, 0, 1, 0, 0),
(95042, 1001, 60009, 70031, 510100, 10003, 80019, 3, 1, 2, 2, 0.00, 1200.00, '2024-08-26 00:00:00', '2024-09-01 00:00:00', '2024-11-30 23:59:59', 3600.00, 3600.00, 3600.00, 0.00, '2024-08-28 10:00:00', 3, 0, 3, 0, 0, 0, 1, 0, 0),
-- 邓宇航(80020) 房间70034, 季付1400/月, 2个账单, 第2个有欠费
(95043, 1001, 60010, 70034, 510100, 10003, 80020, 3, 1, 1, 1, 0.00, 1400.00, '2024-06-26 00:00:00', '2024-07-01 00:00:00', '2024-09-30 23:59:59', 4200.00, 4200.00, 4200.00, 0.00, '2024-06-28 10:00:00', 3, 0, 3, 0, 0, 0, 1, 0, 0),
(95044, 1001, 60010, 70034, 510100, 10003, 80020, 3, 1, 2, 2, 0.00, 1400.00, '2024-09-26 00:00:00', '2024-10-01 00:00:00', '2024-12-31 23:59:59', 4200.00, 4200.00, 0.00, 4200.00, NULL, 1, 0, 3, 0, 0, 0, 1, 0, 0);

-- ============================================================
-- 11. 财务流水 qft_finance (15条)
-- nature: 0=支出, 1=收入
-- ============================================================
INSERT INTO qft_finance (
  id, store_id, housing_id, door_number, serial_number, nature, type, money, audit, review, cashier,
  remark, creater_id, create_time, company_id, is_delete, city_id, house_code, creater_type,
  final_audit, account_date, source_type
) VALUES
-- 收入流水 (租金收入)
(100001, 10001, 30001, '1-1-101', 'FIN202402010001', 1, 1, 3200.00, 1, 1, 1, '刘晓明首月租金', 1, '2024-02-01 10:00:00', 1001, 0, 510100, 'ZZ-0001', 1, 1, '2024-02-01 00:00:00', 2),
(100002, 10001, 30002, '1-2-201', 'FIN202403010001', 1, 1, 3800.00, 1, 1, 1, '杨秀英首月租金', 1, '2024-03-01 10:00:00', 1001, 0, 510100, 'ZZ-0002', 1, 1, '2024-03-01 00:00:00', 2),
(100003, 10001, 30003, '3-1-302', 'FIN202403010002', 1, 1, 2800.00, 1, 1, 1, '陈小龙首月租金', 1, '2024-03-01 10:00:00', 1001, 0, 510100, 'ZZ-0003', 1, 1, '2024-03-01 00:00:00', 2),
(100004, 10002, 30005, '2-1-501', 'FIN202403150001', 1, 1, 3000.00, 1, 1, 1, '孙文博首月租金', 1, '2024-03-15 10:00:00', 1001, 0, 510100, 'ZZ-0005', 1, 1, '2024-03-15 00:00:00', 2),
(100005, 10002, 30006, '2-2-602', 'FIN202404010001', 1, 1, 4200.00, 1, 1, 1, '周婷婷首月租金', 1, '2024-04-01 10:00:00', 1001, 0, 510100, 'ZZ-0006', 1, 1, '2024-04-01 00:00:00', 2),
(100006, 10003, 30009, '1-1-901', 'FIN202405010001', 1, 1, 2700.00, 1, 1, 1, '黄大海首月租金', 1, '2024-05-01 10:00:00', 1001, 0, 510100, 'ZZ-0009', 1, 1, '2024-05-01 00:00:00', 2),
(100007, 10003, 30010, '2-1-1001', 'FIN202406010001', 1, 1, 5000.00, 1, 1, 1, '马晓峰首月租金', 1, '2024-06-01 10:00:00', 1001, 0, 510100, 'ZZ-0010', 1, 1, '2024-06-01 00:00:00', 2),
-- 合租收入
(100008, 10001, 60001, '2-1-101', 'FIN202403010003', 1, 1, 1200.00, 1, 1, 1, '张三首月租金(合租)', 1, '2024-03-01 10:00:00', 1001, 0, 510100, 'HZ-0001', 1, 1, '2024-03-01 00:00:00', 2),
(100009, 10001, 60002, '2-2-202', 'FIN202403150002', 1, 1, 1300.00, 1, 1, 1, '王大锤首月租金(合租)', 1, '2024-03-15 10:00:00', 1001, 0, 510100, 'HZ-0002', 1, 1, '2024-03-15 00:00:00', 2),
(100010, 10002, 60005, '3-1-401', 'FIN202404010002', 1, 1, 1200.00, 1, 1, 1, '谢晓红首月租金(合租)', 1, '2024-04-01 10:00:00', 1001, 0, 510100, 'HZ-0005', 1, 1, '2024-04-01 00:00:00', 2),
-- 支出流水 (向房东付款)
(100011, 10001, 30001, '1-1-101', 'FIN202402010002', 0, 2, 2800.00, 1, 1, 1, '向房东王建国支付房租', 1, '2024-02-01 14:00:00', 1001, 0, 510100, 'ZZ-0001', 1, 1, '2024-02-01 00:00:00', 3),
(100012, 10001, 30002, '1-2-201', 'FIN202403010004', 0, 2, 3200.00, 1, 1, 1, '向房东李明华支付房租', 1, '2024-03-01 14:00:00', 1001, 0, 510100, 'ZZ-0002', 1, 1, '2024-03-01 00:00:00', 3),
(100013, 10002, 30006, '2-2-602', 'FIN202404010003', 0, 2, 3500.00, 1, 1, 1, '向房东周大伟支付房租', 1, '2024-04-01 14:00:00', 1001, 0, 510100, 'ZZ-0006', 1, 1, '2024-04-01 00:00:00', 3),
-- 维修支出
(100014, 10001, 30003, '3-1-302', 'FIN202404150001', 0, 3, 500.00, 1, 1, 1, '水龙头更换维修', 1, '2024-04-15 10:00:00', 1001, 0, 510100, 'ZZ-0003', 1, 1, '2024-04-15 00:00:00', NULL),
(100015, 10003, 60010, '5-1-503', 'FIN202407010001', 0, 3, 800.00, 1, 1, 1, '空调维修费用', 1, '2024-07-01 10:00:00', 1001, 0, 510100, 'HZ-0010', 1, 1, '2024-07-01 00:00:00', NULL);

-- ============================================================
-- 12. 公司 qft_company (1条)
-- ============================================================
INSERT INTO qft_company (
  id, company_name, legal_person_name, cor_url, auth_version_id, city, housing_scale,
  business_type, housing_num, already_housing_num, recycle_housing_num, sms_num, already_sms_num,
  electronics_contract, already_contract, image_num, use_start_time, use_end_time,
  withdraw_state, is_delete, version_state, create_time, creater_id, already_image_num,
  state, company_contract_nature, company_nature, pay_type, source_type, is_test
) VALUES (
  1001, '成都安居乐公寓管理有限公司', '张伟', 'anjule.qft.com', 1, '成都', 500,
  7, 500, 23, 0, 10000, 120,
  200, 35, 5000, '2024-01-01 00:00:00', '2026-12-31 23:59:59',
  1, 0, 3, '2024-01-01 00:00:00', 1, 350,
  1, 1, 1, 1, 1, 1
);

-- ============================================================
-- 13. 员工 qft_user (5条)
-- ============================================================
INSERT INTO qft_user (
  id, account, password, status, source_type, create_time, is_delete, is_enable_app,
  creater_id, sys_status, phone, company_id, realname, user_type, view_housing_data_mode
) VALUES
(100, 'admin', 'e10adc3949ba59abbe56e057f20f883e', 1, 1, '2024-01-01 08:00:00', 0, 1, 1, 1, '13800001000', 1001, '张伟', 1, 1),
(101, 'liuyang', 'e10adc3949ba59abbe56e057f20f883e', 1, 1, '2024-01-05 09:00:00', 0, 1, 100, 1, '13800001101', 1001, '刘洋', 1, 1),
(102, 'wangfang', 'e10adc3949ba59abbe56e057f20f883e', 1, 1, '2024-01-05 09:00:00', 0, 1, 100, 1, '13800001102', 1001, '王芳', 1, 1),
(103, 'chenjie', 'e10adc3949ba59abbe56e057f20f883e', 1, 1, '2024-01-10 09:00:00', 0, 1, 100, 1, '13800001103', 1001, '陈杰', 1, 1),
(104, 'zhaomin', 'e10adc3949ba59abbe56e057f20f883e', 1, 1, '2024-01-10 09:00:00', 0, 1, 100, 1, '13800001104', 1001, '赵敏', 1, 1);

-- ============================================================
-- 14. 区域 qft_area (3条, 成都锦江/青羊/金牛)
-- ============================================================
INSERT INTO qft_area (
  id, area_name, parent_id, area_type, sort, creater_id, create_time, company_id, is_delete
) VALUES
(510104, '锦江区', 510100, 1, 1, 100, '2024-01-01 10:00:00', 1001, 0),
(510105, '青羊区', 510100, 1, 2, 100, '2024-01-01 10:00:00', 1001, 0),
(510106, '金牛区', 510100, 1, 3, 100, '2024-01-01 10:00:00', 1001, 0);

-- ============================================================
-- 15. 管家 qft_butler (3条)
-- ============================================================
INSERT INTO qft_butler (
  id, company_id, user_id, housing_id, businessType, creater_id, create_time
) VALUES
(90001, 1001, 101, 30001, 2, 100, '2024-01-15 10:00:00'),
(90002, 1001, 102, 60005, 3, 100, '2024-02-15 10:00:00'),
(90003, 1001, 103, 50001, 1, 100, '2024-03-01 10:00:00');

-- ============================================================
-- 16. 集中式房源 qft_focus_housing (3条)
-- ============================================================
INSERT INTO qft_focus_housing (
  id, creater_id, create_time, company_id, focus_type, store_id, house_code, code_num,
  house_area, property_adrr, building, floor, is_lift, room_count, rest_room_count,
  is_check_out, is_delete, city_id, sync_collect_room_number, prefix, is_freeze
) VALUES
(50001, 100, '2024-02-01 10:00:00', 1001, 1, 10001, 'JZ-0001', 1, 510104, 20001, '6栋', 18, 1, 4, 1, 0, 0, 510100, 1, 'JZ', 0),
(50002, 100, '2024-02-15 10:00:00', 1001, 1, 10002, 'JZ-0002', 2, 510105, 20003, '5栋', 15, 1, 4, 2, 0, 0, 510100, 2, 'JZ', 0),
(50003, 100, '2024-03-01 10:00:00', 1001, 1, 10003, 'JZ-0003', 3, 510106, 20005, '3栋', 12, 1, 3, 1, 0, 0, 510100, 3, 'JZ', 0);

-- ============================================================
-- 17. 集中式父房间 qft_focus_parent_room (3条)
-- ============================================================
INSERT INTO qft_focus_parent_room (
  id, company_id, city_id, store_id, housing_id, serial_number, room_number,
  bedroom, inside_space, orientation, is_lease, is_delete,
  pricing_money, deposit_money, creater_id, create_time,
  sync_out_house_number, xy_status, is_freeze
) VALUES
(53001, 1001, 510100, 10001, 50001, 1, '601', 2, 65.00, '南', 1, 0, 1800.00, 1800.00, 100, '2024-02-01 10:00:00', 1, 0, 0),
(53002, 1001, 510100, 10002, 50002, 1, '501', 3, 85.00, '东南', 0, 0, 2200.00, 2200.00, 100, '2024-02-15 10:00:00', 2, 0, 0),
(53003, 1001, 510100, 10003, 50003, 1, '301', 2, 60.00, '西', 1, 0, 1600.00, 1600.00, 100, '2024-03-01 10:00:00', 3, 0, 0);

-- ============================================================
-- 18. 集中式房间 qft_focus_room (10条)
-- ============================================================
INSERT INTO qft_focus_room (
  id, company_id, city_id, store_id, housing_id, serial_number, room_number,
  bedroom, inside_space, orientation, is_lease, is_delete,
  pricing_money, deposit_money, creater_id, create_time,
  sync_out_house_number, xy_status, is_freeze
) VALUES
(51001, 1001, 510100, 10001, 50001, 1, '601', 1, 25.00, '南', 1, 0, 1500.00, 1500.00, 100, '2024-02-01 10:00:00', 1, 0, 0),
(51002, 1001, 510100, 10001, 50001, 2, '602', 1, 22.00, '北', 1, 0, 1300.00, 1300.00, 100, '2024-02-01 10:00:00', 2, 0, 0),
(51003, 1001, 510100, 10001, 50001, 3, '603', 1, 28.00, '南', 1, 0, 1600.00, 1600.00, 100, '2024-02-01 10:00:00', 3, 0, 0),
(51004, 1001, 510100, 10001, 50001, 4, '604', 1, 20.00, '西', 0, 0, 1200.00, 1200.00, 100, '2024-02-01 10:00:00', 4, 0, 0),
(51005, 1001, 510100, 10002, 50002, 1, '501', 1, 30.00, '东', 1, 0, 1800.00, 1800.00, 100, '2024-02-15 10:00:00', 5, 0, 0),
(51006, 1001, 510100, 10002, 50002, 2, '502', 1, 26.00, '南', 0, 0, 1500.00, 1500.00, 100, '2024-02-15 10:00:00', 6, 0, 0),
(51007, 1001, 510100, 10002, 50002, 3, '503', 1, 24.00, '北', 0, 0, 1400.00, 1400.00, 100, '2024-02-15 10:00:00', 7, 0, 0),
(51008, 1001, 510100, 10002, 50002, 4, '504', 1, 22.00, '西', 1, 0, 1300.00, 1300.00, 100, '2024-02-15 10:00:00', 8, 0, 0),
(51009, 1001, 510100, 10003, 50003, 1, '301', 1, 28.00, '南', 1, 0, 1600.00, 1600.00, 100, '2024-03-01 10:00:00', 9, 0, 0),
(51010, 1001, 510100, 10003, 50003, 2, '302', 1, 25.00, '东', 0, 0, 1400.00, 1400.00, 100, '2024-03-01 10:00:00', 10, 0, 0);

-- ============================================================
-- 19. 集中式租客 qft_focus_tenants (5条)
-- ============================================================
INSERT INTO qft_focus_tenants (
  id, room_id, name, sex, age, id_card, phone, creater_id, create_time,
  is_delete, before_audit_status, after_audit_status, electronic_contract_status,
  delivery_order_status, company_id, sync_out_house_number, business_block
) VALUES
(52001, 51001, '钱伟', 0, 28, '510104199601150011', '13700010001', 100, '2024-03-01 10:00:00', 0, 1, 0, 1, 1, 1001, 1, 1),
(52002, 51002, '孔丽', 1, 25, '510104199902200022', '13700010002', 100, '2024-03-01 10:00:00', 0, 1, 0, 1, 1, 1001, 2, 1),
(52003, 51003, '曾强', 0, 32, '510105199201100033', '13700010003', 101, '2024-03-15 10:00:00', 0, 1, 0, 1, 1, 1001, 3, 1),
(52004, 51005, '严芳', 1, 27, '510105199706060044', '13700010004', 102, '2024-04-01 10:00:00', 0, 1, 0, 1, 1, 1001, 4, 1),
(52005, 51009, '韩明', 0, 30, '510106199408080055', '13700010005', 103, '2024-04-15 10:00:00', 0, 1, 0, 1, 1, 1001, 5, 1);

-- ============================================================
-- 20. 电子合同 qft_electronics_contract (15条)
-- ============================================================
INSERT INTO qft_electronics_contract (
  id, company_id, business_type, trust_type, contract_type, contract_name,
  is_delete, create_time, creater_id, serial_number, source_type, contract_category
) VALUES
(61001, 1001, 1, 1, 2, '集中式租客租赁合同', 0, '2024-01-10 10:00:00', 100, 1, 2, 1),
(61002, 1001, 1, 1, 1, '集中式房东委托合同', 0, '2024-01-10 10:00:00', 100, 2, 2, 1),
(61003, 1001, 2, 1, 2, '整租租客租赁合同', 0, '2024-01-10 10:00:00', 100, 3, 2, 1),
(61004, 1001, 2, 1, 1, '整租房东委托合同', 0, '2024-01-10 10:00:00', 100, 4, 2, 1),
(61005, 1001, 3, 1, 2, '合租租客租赁合同', 0, '2024-01-10 10:00:00', 100, 5, 2, 1),
(61006, 1001, 3, 1, 1, '合租房东委托合同', 0, '2024-01-10 10:00:00', 100, 6, 2, 1),
(61007, 1001, 2, 1, 2, '整租短租合同', 0, '2024-01-15 10:00:00', 100, 7, 2, 1),
(61008, 1001, 3, 1, 2, '合租短租合同', 0, '2024-01-15 10:00:00', 100, 8, 2, 1),
(61009, 1001, 1, 1, 2, '集中式短租合同', 0, '2024-01-15 10:00:00', 100, 9, 2, 1),
(61010, 1001, 2, 2, 2, '整租轻托管租客合同', 0, '2024-02-01 10:00:00', 100, 10, 2, 1),
(61011, 1001, 3, 2, 2, '合租轻托管租客合同', 0, '2024-02-01 10:00:00', 100, 11, 2, 1),
(61012, 1001, 4, 1, 2, '人事劳动合同', 0, '2024-02-01 10:00:00', 100, 12, 2, 2),
(61013, 1001, 5, 1, 2, '退房声明', 0, '2024-02-01 10:00:00', 100, 13, 2, 2),
(61014, 1001, 1, 1, 2, '集中式续约合同', 0, '2024-03-01 10:00:00', 100, 14, 2, 1),
(61015, 1001, 2, 1, 2, '整租续约合同', 0, '2024-03-01 10:00:00', 100, 15, 2, 1);

-- ============================================================
-- 21. 纸质合同 qft_paper_contract (5条)
-- ============================================================
INSERT INTO qft_paper_contract (
  id, company_id, business_type, trust_type, contract_type, contract_name,
  contract_url, show_state, is_delete, create_time, creater_id, serial_number, source_type
) VALUES
(62001, 1001, 1, 1, 2, '集中式纸质租赁合同', '/contract/paper/focus_tenant.pdf', 1, 0, '2024-01-10 10:00:00', 100, 1, 2),
(62002, 1001, 2, 1, 2, '整租纸质租赁合同', '/contract/paper/whole_tenant.pdf', 1, 0, '2024-01-10 10:00:00', 100, 2, 2),
(62003, 1001, 3, 1, 2, '合租纸质租赁合同', '/contract/paper/joint_tenant.pdf', 1, 0, '2024-01-10 10:00:00', 100, 3, 2),
(62004, 1001, 2, 1, 1, '整租纸质房东合同', '/contract/paper/whole_landlord.pdf', 1, 0, '2024-01-10 10:00:00', 100, 4, 2),
(62005, 1001, 3, 1, 1, '合租纸质房东合同', '/contract/paper/joint_landlord.pdf', 1, 0, '2024-01-10 10:00:00', 100, 5, 2);

-- ============================================================
-- 22. 交割单 qft_focus_delivery_order (5条)
-- ============================================================
INSERT INTO qft_focus_delivery_order (
  id, company_id, housing_id, room_id, tenant_id, tenant_name, tenant_phone,
  property_address, door_number, clean_degree, state, creater_id, creater_name,
  create_time, is_sign, is_send, is_delete, sale_type, role, water, electricity, gas
) VALUES
(63001, 1001, 50001, 51001, 52001, '钱伟', '13700010001', '翡翠城小区6栋', '601', 1, 1, 100, '张伟', '2024-03-01 14:00:00.000', 1, 1, 0, 1, 1, 15.5, 1200.0, 30.0),
(63002, 1001, 50001, 51002, 52002, '孔丽', '13700010002', '翡翠城小区6栋', '602', 2, 1, 100, '张伟', '2024-03-01 14:30:00.000', 1, 1, 0, 1, 1, 10.2, 980.0, 25.0),
(63003, 1001, 50001, 51003, 52003, '曾强', '13700010003', '翡翠城小区6栋', '603', 1, 1, 101, '刘洋', '2024-03-15 15:00:00.000', 1, 0, 0, 1, 1, 8.0, 1100.0, 20.0),
(63004, 1001, 50002, 51005, 52004, '严芳', '13700010004', '金沙世纪城5栋', '501', 1, 0, 102, '王芳', '2024-04-01 10:00:00.000', 0, 0, 0, 1, 1, 12.0, 850.0, 18.0),
(63005, 1001, 50003, 51009, 52005, '韩明', '13700010005', '北城天街花园3栋', '301', 1, 1, 103, '陈杰', '2024-04-15 11:00:00.000', 1, 1, 0, 1, 1, 20.0, 1500.0, 35.0);

-- ============================================================
-- 23. 集中式应收 qft_focus_tenants_income (10条)
-- ============================================================
INSERT INTO qft_focus_tenants_income (
  id, company_id, housing_id, room_id, city_id, store_id, group_id, renew_id,
  tenants_id, payer_id, house_money, collection_date, start_valid_date, end_valid_date,
  pay_money, final_money, real_money, debt_money, pay_status, is_deposit, is_history,
  creater_id, create_time, is_delete, contract_type, pay_count, log_index
) VALUES
(64001, 1001, 50001, 51001, 510100, 10001, 0, 0, 52001, 52001, 1500.00, '2024-03-01 00:00:00', '2024-03-01 00:00:00', '2024-03-31 23:59:59', 1500.00, 1500.00, 1500.00, 0.00, 3, 1, 1, 100, '2024-03-01 10:00:00', 0, 1, 0, 0),
(64002, 1001, 50001, 51001, 510100, 10001, 0, 0, 52001, 52001, 1500.00, '2024-04-01 00:00:00', '2024-04-01 00:00:00', '2024-04-30 23:59:59', 1500.00, 1500.00, 1500.00, 0.00, 3, 0, 1, 100, '2024-03-01 10:00:00', 0, 1, 1, 1),
(64003, 1001, 50001, 51001, 510100, 10001, 0, 0, 52001, 52001, 1500.00, '2024-05-01 00:00:00', '2024-05-01 00:00:00', '2024-05-31 23:59:59', 1500.00, 1500.00, 0.00, 1500.00, 1, 0, 0, 100, '2024-03-01 10:00:00', 0, 1, 2, 2),
(64004, 1001, 50001, 51002, 510100, 10001, 0, 0, 52002, 52002, 1300.00, '2024-03-01 00:00:00', '2024-03-01 00:00:00', '2024-03-31 23:59:59', 1300.00, 1300.00, 1300.00, 0.00, 3, 1, 1, 100, '2024-03-01 10:00:00', 0, 1, 0, 0),
(64005, 1001, 50001, 51002, 510100, 10001, 0, 0, 52002, 52002, 1300.00, '2024-04-01 00:00:00', '2024-04-01 00:00:00', '2024-04-30 23:59:59', 1300.00, 1300.00, 1300.00, 0.00, 3, 0, 0, 100, '2024-03-01 10:00:00', 0, 1, 1, 1),
(64006, 1001, 50001, 51003, 510100, 10001, 0, 0, 52003, 52003, 1600.00, '2024-03-15 00:00:00', '2024-03-15 00:00:00', '2024-04-14 23:59:59', 1600.00, 1600.00, 1600.00, 0.00, 3, 1, 1, 101, '2024-03-15 10:00:00', 0, 1, 0, 0),
(64007, 1001, 50001, 51003, 510100, 10001, 0, 0, 52003, 52003, 1600.00, '2024-04-15 00:00:00', '2024-04-15 00:00:00', '2024-05-14 23:59:59', 1600.00, 1600.00, 800.00, 800.00, 2, 0, 0, 101, '2024-03-15 10:00:00', 0, 1, 1, 1),
(64008, 1001, 50002, 51005, 510100, 10002, 0, 0, 52004, 52004, 1800.00, '2024-04-01 00:00:00', '2024-04-01 00:00:00', '2024-04-30 23:59:59', 1800.00, 1800.00, 1800.00, 0.00, 3, 1, 1, 102, '2024-04-01 10:00:00', 0, 1, 0, 0),
(64009, 1001, 50002, 51005, 510100, 10002, 0, 0, 52004, 52004, 1800.00, '2024-05-01 00:00:00', '2024-05-01 00:00:00', '2024-05-31 23:59:59', 1800.00, 1800.00, 1800.00, 0.00, 3, 0, 0, 102, '2024-04-01 10:00:00', 0, 1, 1, 1),
(64010, 1001, 50003, 51009, 510100, 10003, 0, 0, 52005, 52005, 1600.00, '2024-04-15 00:00:00', '2024-04-15 00:00:00', '2024-05-14 23:59:59', 1600.00, 1600.00, 0.00, 1600.00, 1, 0, 0, 103, '2024-04-15 10:00:00', 0, 1, 1, 1);

-- ============================================================
-- 24. 集中式应支 qft_focus_bill_expend (5条)
-- ============================================================
INSERT INTO qft_focus_bill_expend (
  id, company_id, housing_id, city_id, store_id, group_id, renew_id, payer_id,
  expend_type, expend_source, pay_count, log_index, free_rent_day, free_rent_money,
  housing_money, pay_date, pay_money, final_money, real_money, arrear_money,
  valid_start_time, valid_end_time, interval_year, interval_month, interval_day,
  is_check_out, pay_status, is_deposit, is_history, creater_id, create_time, is_delete
) VALUES
(65001, 1001, 50001, 510100, 10001, 0, 0, 100, 1, 1, 0, 0, 0, 0.00, 8000.00, '2024-02-01 00:00:00', 8000.00, 8000.00, 8000.00, 0.00, '2024-02-01 00:00:00', '2024-02-28 23:59:59', 0, 1, 0, 2, 3, 1, 1, 100, '2024-02-01 10:00:00', 0),
(65002, 1001, 50001, 510100, 10001, 0, 0, 100, 1, 1, 1, 1, 0, 0.00, 8000.00, '2024-03-01 00:00:00', 8000.00, 8000.00, 8000.00, 0.00, '2024-03-01 00:00:00', '2024-03-31 23:59:59', 0, 1, 0, 2, 3, 0, 1, 100, '2024-02-01 10:00:00', 0),
(65003, 1001, 50001, 510100, 10001, 0, 0, 100, 1, 1, 2, 2, 0, 0.00, 8000.00, '2024-04-01 00:00:00', 8000.00, 8000.00, 0.00, 8000.00, '2024-04-01 00:00:00', '2024-04-30 23:59:59', 0, 1, 0, 2, 1, 0, 0, 100, '2024-02-01 10:00:00', 0),
(65004, 1001, 50002, 510100, 10002, 0, 0, 102, 1, 1, 0, 0, 15, 3000.00, 6000.00, '2024-02-15 00:00:00', 6000.00, 6000.00, 6000.00, 0.00, '2024-02-15 00:00:00', '2024-03-14 23:59:59', 0, 1, 0, 2, 3, 1, 1, 100, '2024-02-15 10:00:00', 0),
(65005, 1001, 50003, 510100, 10003, 0, 0, 103, 1, 1, 0, 0, 0, 0.00, 5000.00, '2024-03-01 00:00:00', 5000.00, 5000.00, 5000.00, 0.00, '2024-03-01 00:00:00', '2024-03-31 23:59:59', 0, 1, 0, 2, 3, 1, 1, 100, '2024-03-01 10:00:00', 0);

-- ============================================================
-- 25. 账单主表 qft_bill (20条)
-- ============================================================
INSERT INTO qft_bill (
  id, bill_code, company_id, city_id, store_id, sale_type, house_id, room_id,
  trade_type, source_type, start_time, end_time, counterparty, counterparty_id,
  trade_date, trade_name, trade_phone, total_trade_money, total_real_money, total_debt_money,
  bill_term, bill_status, is_collection, is_bad_debt, is_invalid, is_exist_item, is_delay,
  creater_id, create_time, updater_id, update_time, is_delete
) VALUES
(66001, 'BILL20240301001', 1001, 510100, 10001, 1, 50001, 51001, 1, 1, '2024-03-01', '2024-03-31', 1, 52001, '2024-03-01', '钱伟', '13700010001', 1500.00, 1500.00, 0.00, 1, 1, 0, 0, 0, 1, 0, 100, '2024-03-01 10:00:00', 100, '2024-03-01 10:00:00', 0),
(66002, 'BILL20240401001', 1001, 510100, 10001, 1, 50001, 51001, 1, 1, '2024-04-01', '2024-04-30', 1, 52001, '2024-04-01', '钱伟', '13700010001', 1500.00, 1500.00, 0.00, 2, 1, 0, 0, 0, 1, 0, 100, '2024-03-01 10:00:00', 100, '2024-04-01 10:00:00', 0),
(66003, 'BILL20240501001', 1001, 510100, 10001, 1, 50001, 51001, 1, 1, '2024-05-01', '2024-05-31', 1, 52001, '2024-05-01', '钱伟', '13700010001', 1500.00, 0.00, 1500.00, 3, 0, 1, 0, 0, 1, 0, 100, '2024-03-01 10:00:00', 100, '2024-05-01 10:00:00', 0),
(66004, 'BILL20240301002', 1001, 510100, 10001, 1, 50001, 51002, 1, 1, '2024-03-01', '2024-03-31', 1, 52002, '2024-03-01', '孔丽', '13700010002', 1300.00, 1300.00, 0.00, 1, 1, 0, 0, 0, 1, 0, 100, '2024-03-01 10:00:00', 100, '2024-03-01 10:00:00', 0),
(66005, 'BILL20240201001', 1001, 510100, 10001, 1, 50001, NULL, 2, 2, '2024-02-01', '2024-02-28', 2, 100, '2024-02-01', '翡翠城6栋房东', '13800001000', 8000.00, 8000.00, 0.00, 1, 1, 0, 0, 0, 1, 0, 100, '2024-02-01 10:00:00', 100, '2024-02-01 10:00:00', 0),
(66006, 'BILL20240301003', 1001, 510100, 10001, 1, 50001, NULL, 2, 2, '2024-03-01', '2024-03-31', 2, 100, '2024-03-01', '翡翠城6栋房东', '13800001000', 8000.00, 8000.00, 0.00, 2, 1, 0, 0, 0, 1, 0, 100, '2024-02-01 10:00:00', 100, '2024-03-01 10:00:00', 0),
(66007, 'BILL20240315001', 1001, 510100, 10001, 2, 30001, 40001, 1, 1, '2024-03-15', '2024-04-14', 1, 50001, '2024-03-15', '刘晓明', '13900020001', 3200.00, 3200.00, 0.00, 1, 1, 0, 0, 0, 1, 0, 100, '2024-02-15 10:00:00', 100, '2024-03-15 10:00:00', 0),
(66008, 'BILL20240415001', 1001, 510100, 10001, 2, 30001, 40001, 1, 1, '2024-04-15', '2024-05-14', 1, 50001, '2024-04-15', '刘晓明', '13900020001', 3200.00, 3200.00, 0.00, 2, 1, 0, 0, 0, 1, 0, 100, '2024-02-15 10:00:00', 100, '2024-04-15 10:00:00', 0),
(66009, 'BILL20240315002', 1001, 510100, 10001, 2, 30002, 40002, 1, 1, '2024-03-15', '2024-04-14', 1, 50002, '2024-03-15', '杨秀英', '13900020002', 3800.00, 3800.00, 0.00, 1, 1, 0, 0, 0, 1, 0, 100, '2024-02-15 10:00:00', 100, '2024-03-15 10:00:00', 0),
(66010, 'BILL20240301004', 1001, 510100, 10001, 3, 60001, 70001, 1, 1, '2024-03-01', '2024-03-31', 1, 80001, '2024-03-01', '张三', '13900030001', 1200.00, 1200.00, 0.00, 1, 1, 0, 0, 0, 1, 0, 100, '2024-02-01 10:00:00', 100, '2024-03-01 10:00:00', 0),
(66011, 'BILL20240401002', 1001, 510100, 10001, 3, 60001, 70001, 1, 1, '2024-04-01', '2024-04-30', 1, 80001, '2024-04-01', '张三', '13900030001', 1200.00, 0.00, 1200.00, 2, 0, 0, 0, 0, 1, 0, 100, '2024-02-01 10:00:00', 100, '2024-04-01 10:00:00', 0),
(66012, 'BILL20240301005', 1001, 510100, 10001, 3, 60001, 70002, 1, 1, '2024-03-01', '2024-03-31', 1, 80002, '2024-03-01', '李思琪', '13900030002', 1100.00, 1100.00, 0.00, 1, 1, 0, 0, 0, 1, 0, 100, '2024-02-01 10:00:00', 100, '2024-03-01 10:00:00', 0),
(66013, 'BILL20240301006', 1001, 510100, 10002, 3, 60005, 70017, 1, 1, '2024-03-01', '2024-03-31', 1, 80010, '2024-03-01', '谢晓红', '13900030010', 1350.00, 1350.00, 0.00, 1, 1, 0, 0, 0, 1, 0, 102, '2024-02-15 10:00:00', 102, '2024-03-01 10:00:00', 0),
(66014, 'BILL20240515001', 1001, 510100, 10001, 2, 30003, 40003, 1, 1, '2024-05-15', '2024-06-14', 1, 50003, '2024-05-15', '陈小龙', '13900020003', 2800.00, 2800.00, 0.00, 1, 1, 0, 0, 0, 1, 0, 100, '2024-04-15 10:00:00', 100, '2024-05-15 10:00:00', 0),
(66015, 'BILL20240201002', 1001, 510100, 10001, 2, 30001, NULL, 2, 2, '2024-02-01', '2024-02-28', 2, 100, '2024-02-01', '王建国', '13900010001', 2800.00, 2800.00, 0.00, 1, 1, 0, 0, 0, 1, 0, 100, '2024-01-15 10:00:00', 100, '2024-02-01 10:00:00', 0),
(66016, 'BILL20240301007', 1001, 510100, 10001, 3, 60001, NULL, 2, 2, '2024-03-01', '2024-03-31', 2, 100, '2024-03-01', '合租60001房东', '13800002000', 4500.00, 4500.00, 0.00, 1, 1, 0, 0, 0, 1, 0, 100, '2024-02-01 10:00:00', 100, '2024-03-01 10:00:00', 0),
(66017, 'BILL20240401003', 1001, 510100, 10001, 1, 50001, NULL, 2, 2, '2024-04-01', '2024-04-30', 2, 100, '2024-04-01', '翡翠城6栋房东', '13800001000', 8000.00, 0.00, 8000.00, 3, 0, 0, 0, 0, 1, 0, 100, '2024-02-01 10:00:00', 100, '2024-04-01 10:00:00', 0),
(66018, 'BILL20240401004', 1001, 510100, 10001, 2, 30004, 40004, 1, 1, '2024-04-01', '2024-04-30', 1, 50004, '2024-04-01', '赵雅琴', '13900020004', 4500.00, 4500.00, 0.00, 1, 1, 0, 0, 0, 1, 0, 100, '2024-03-10 10:00:00', 100, '2024-04-01 10:00:00', 0),
(66019, 'BILL20240501002', 1001, 510100, 10002, 2, 30005, 40005, 1, 1, '2024-05-01', '2024-05-31', 1, 50005, '2024-05-01', '孙文博', '13900020005', 3000.00, 1500.00, 1500.00, 2, 2, 0, 0, 0, 1, 0, 102, '2024-03-15 10:00:00', 102, '2024-05-01 10:00:00', 0),
(66020, 'BILL20240315003', 1001, 510100, 10002, 3, 60005, 70018, 1, 1, '2024-03-15', '2024-04-14', 1, 80011, '2024-03-15', '余文斌', '13900030011', 1250.00, 1250.00, 0.00, 1, 1, 0, 0, 0, 1, 0, 102, '2024-02-15 10:00:00', 102, '2024-03-15 10:00:00', 0);

-- ============================================================
-- 26. 账单明细 qft_bill_item (30条)
-- ============================================================
INSERT INTO qft_bill_item (
  id, bill_item_code, company_id, bill_code, bill_item_type, bill_item_sub_type,
  trade_type, item_trade_date, total_trade_money, trade_money, real_money, debt_money,
  coupon_money, earnest_money, arrears_money, discount_money, rent_free_money,
  unfinance_money, late_money, reduction_late_money, deduction_bill_money,
  bill_item_status, is_invalid, creater_id, create_time, updater_id, update_time, is_delete
) VALUES
(67001, 'BI20240301001A', 1001, 'BILL20240301001', 1, 101, 1, '2024-03-01', 1500.00, 1500.00, 1500.00, 0.00, 0, 0, 0, 0, 0, 0, 0, 0, 0, 1, 0, 100, '2024-03-01 10:00:00', 100, '2024-03-01 10:00:00', 0),
(67002, 'BI20240401001A', 1001, 'BILL20240401001', 1, 101, 1, '2024-04-01', 1500.00, 1500.00, 1500.00, 0.00, 0, 0, 0, 0, 0, 0, 0, 0, 0, 1, 0, 100, '2024-03-01 10:00:00', 100, '2024-04-01 10:00:00', 0),
(67003, 'BI20240501001A', 1001, 'BILL20240501001', 1, 101, 1, '2024-05-01', 1500.00, 1500.00, 0.00, 1500.00, 0, 0, 0, 0, 0, 0, 0, 0, 0, 0, 0, 100, '2024-03-01 10:00:00', 100, '2024-05-01 10:00:00', 0),
(67004, 'BI20240301002A', 1001, 'BILL20240301002', 1, 101, 1, '2024-03-01', 1300.00, 1300.00, 1300.00, 0.00, 0, 0, 0, 0, 0, 0, 0, 0, 0, 1, 0, 100, '2024-03-01 10:00:00', 100, '2024-03-01 10:00:00', 0),
(67005, 'BI20240201001A', 1001, 'BILL20240201001', 1, 201, 2, '2024-02-01', 8000.00, 8000.00, 8000.00, 0.00, 0, 0, 0, 0, 0, 0, 0, 0, 0, 1, 0, 100, '2024-02-01 10:00:00', 100, '2024-02-01 10:00:00', 0),
(67006, 'BI20240301003A', 1001, 'BILL20240301003', 1, 201, 2, '2024-03-01', 8000.00, 8000.00, 8000.00, 0.00, 0, 0, 0, 0, 0, 0, 0, 0, 0, 1, 0, 100, '2024-02-01 10:00:00', 100, '2024-03-01 10:00:00', 0),
(67007, 'BI20240315001A', 1001, 'BILL20240315001', 1, 101, 1, '2024-03-15', 3200.00, 3200.00, 3200.00, 0.00, 0, 0, 0, 0, 0, 0, 0, 0, 0, 1, 0, 100, '2024-02-15 10:00:00', 100, '2024-03-15 10:00:00', 0),
(67008, 'BI20240415001A', 1001, 'BILL20240415001', 1, 101, 1, '2024-04-15', 3200.00, 3200.00, 3200.00, 0.00, 0, 0, 0, 0, 0, 0, 0, 0, 0, 1, 0, 100, '2024-02-15 10:00:00', 100, '2024-04-15 10:00:00', 0),
(67009, 'BI20240315002A', 1001, 'BILL20240315002', 1, 101, 1, '2024-03-15', 3800.00, 3800.00, 3800.00, 0.00, 0, 0, 0, 0, 0, 0, 0, 0, 0, 1, 0, 100, '2024-02-15 10:00:00', 100, '2024-03-15 10:00:00', 0),
(67010, 'BI20240301004A', 1001, 'BILL20240301004', 1, 101, 1, '2024-03-01', 1200.00, 1200.00, 1200.00, 0.00, 0, 0, 0, 0, 0, 0, 0, 0, 0, 1, 0, 100, '2024-02-01 10:00:00', 100, '2024-03-01 10:00:00', 0),
(67011, 'BI20240401002A', 1001, 'BILL20240401002', 1, 101, 1, '2024-04-01', 1200.00, 1200.00, 0.00, 1200.00, 0, 0, 0, 0, 0, 0, 0, 0, 0, 0, 0, 100, '2024-02-01 10:00:00', 100, '2024-04-01 10:00:00', 0),
(67012, 'BI20240301005A', 1001, 'BILL20240301005', 1, 101, 1, '2024-03-01', 1100.00, 1100.00, 1100.00, 0.00, 0, 0, 0, 0, 0, 0, 0, 0, 0, 1, 0, 100, '2024-02-01 10:00:00', 100, '2024-03-01 10:00:00', 0),
(67013, 'BI20240301006A', 1001, 'BILL20240301006', 1, 101, 1, '2024-03-01', 1350.00, 1350.00, 1350.00, 0.00, 0, 0, 0, 0, 0, 0, 0, 0, 0, 1, 0, 102, '2024-02-15 10:00:00', 102, '2024-03-01 10:00:00', 0),
(67014, 'BI20240515001A', 1001, 'BILL20240515001', 1, 101, 1, '2024-05-15', 2800.00, 2800.00, 2800.00, 0.00, 0, 0, 0, 0, 0, 0, 0, 0, 0, 1, 0, 100, '2024-04-15 10:00:00', 100, '2024-05-15 10:00:00', 0),
(67015, 'BI20240201002A', 1001, 'BILL20240201002', 1, 201, 2, '2024-02-01', 2800.00, 2800.00, 2800.00, 0.00, 0, 0, 0, 0, 0, 0, 0, 0, 0, 1, 0, 100, '2024-01-15 10:00:00', 100, '2024-02-01 10:00:00', 0),
(67016, 'BI20240301007A', 1001, 'BILL20240301007', 1, 201, 2, '2024-03-01', 4500.00, 4500.00, 4500.00, 0.00, 0, 0, 0, 0, 0, 0, 0, 0, 0, 1, 0, 100, '2024-02-01 10:00:00', 100, '2024-03-01 10:00:00', 0),
(67017, 'BI20240401003A', 1001, 'BILL20240401003', 1, 201, 2, '2024-04-01', 8000.00, 8000.00, 0.00, 8000.00, 0, 0, 0, 0, 0, 0, 0, 0, 0, 0, 0, 100, '2024-02-01 10:00:00', 100, '2024-04-01 10:00:00', 0),
(67018, 'BI20240401004A', 1001, 'BILL20240401004', 1, 101, 1, '2024-04-01', 4500.00, 4500.00, 4500.00, 0.00, 0, 0, 0, 0, 0, 0, 0, 0, 0, 1, 0, 100, '2024-03-10 10:00:00', 100, '2024-04-01 10:00:00', 0),
(67019, 'BI20240501002A', 1001, 'BILL20240501002', 1, 101, 1, '2024-05-01', 3000.00, 3000.00, 1500.00, 1500.00, 0, 0, 0, 0, 0, 0, 0, 0, 0, 2, 0, 102, '2024-03-15 10:00:00', 102, '2024-05-01 10:00:00', 0),
(67020, 'BI20240315003A', 1001, 'BILL20240315003', 1, 101, 1, '2024-03-15', 1250.00, 1250.00, 1250.00, 0.00, 0, 0, 0, 0, 0, 0, 0, 0, 0, 1, 0, 102, '2024-02-15 10:00:00', 102, '2024-03-15 10:00:00', 0),
(67021, 'BI20240301001B', 1001, 'BILL20240301001', 2, 102, 1, '2024-03-01', 50.00, 50.00, 50.00, 0.00, 0, 0, 0, 0, 0, 0, 0, 0, 0, 1, 0, 100, '2024-03-01 10:00:00', 100, '2024-03-01 10:00:00', 0),
(67022, 'BI20240401001B', 1001, 'BILL20240401001', 2, 102, 1, '2024-04-01', 50.00, 50.00, 50.00, 0.00, 0, 0, 0, 0, 0, 0, 0, 0, 0, 1, 0, 100, '2024-03-01 10:00:00', 100, '2024-04-01 10:00:00', 0),
(67023, 'BI20240315001B', 1001, 'BILL20240315001', 2, 103, 1, '2024-03-15', 80.00, 80.00, 80.00, 0.00, 0, 0, 0, 0, 0, 0, 0, 0, 0, 1, 0, 100, '2024-02-15 10:00:00', 100, '2024-03-15 10:00:00', 0),
(67024, 'BI20240301004B', 1001, 'BILL20240301004', 2, 102, 1, '2024-03-01', 60.00, 60.00, 60.00, 0.00, 0, 0, 0, 0, 0, 0, 0, 0, 0, 1, 0, 100, '2024-02-01 10:00:00', 100, '2024-03-01 10:00:00', 0),
(67025, 'BI20240301006B', 1001, 'BILL20240301006', 2, 102, 1, '2024-03-01', 45.00, 45.00, 45.00, 0.00, 0, 0, 0, 0, 0, 0, 0, 0, 0, 1, 0, 102, '2024-02-15 10:00:00', 102, '2024-03-01 10:00:00', 0),
(67026, 'BI20240501001B', 1001, 'BILL20240501001', 2, 102, 1, '2024-05-01', 50.00, 50.00, 0.00, 50.00, 0, 0, 0, 0, 0, 0, 0, 0, 0, 0, 0, 100, '2024-03-01 10:00:00', 100, '2024-05-01 10:00:00', 0),
(67027, 'BI20240301002B', 1001, 'BILL20240301002', 2, 102, 1, '2024-03-01', 40.00, 40.00, 40.00, 0.00, 0, 0, 0, 0, 0, 0, 0, 0, 0, 1, 0, 100, '2024-03-01 10:00:00', 100, '2024-03-01 10:00:00', 0),
(67028, 'BI20240515001B', 1001, 'BILL20240515001', 2, 103, 1, '2024-05-15', 60.00, 60.00, 60.00, 0.00, 0, 0, 0, 0, 0, 0, 0, 0, 0, 1, 0, 100, '2024-04-15 10:00:00', 100, '2024-05-15 10:00:00', 0),
(67029, 'BI20240401004B', 1001, 'BILL20240401004', 2, 103, 1, '2024-04-01', 100.00, 100.00, 100.00, 0.00, 0, 0, 0, 0, 0, 0, 0, 0, 0, 1, 0, 100, '2024-03-10 10:00:00', 100, '2024-04-01 10:00:00', 0),
(67030, 'BI20240501002B', 1001, 'BILL20240501002', 2, 102, 1, '2024-05-01', 80.00, 80.00, 40.00, 40.00, 0, 0, 0, 0, 0, 0, 0, 0, 0, 2, 0, 102, '2024-03-15 10:00:00', 102, '2024-05-01 10:00:00', 0);

-- ============================================================
-- 27. 财务明细 qft_finance_item (20条)
-- ============================================================
INSERT INTO qft_finance_item (
  id, company_id, bill_code, bill_item_code, finance_id, bill_item_type, bill_item_sub_type,
  deduction_type, nature, trade_money, real_money, create_time, update_time, is_delete
) VALUES
(68001, 1001, 'BILL20240301001', 'BI20240301001A', 1, 1, 101, 0, 1, 1500.00, 1500.00, '2024-03-01 10:00:00', '2024-03-01 10:00:00', 0),
(68002, 1001, 'BILL20240401001', 'BI20240401001A', 2, 1, 101, 0, 1, 1500.00, 1500.00, '2024-04-01 10:00:00', '2024-04-01 10:00:00', 0),
(68003, 1001, 'BILL20240301002', 'BI20240301002A', 3, 1, 101, 0, 1, 1300.00, 1300.00, '2024-03-01 10:00:00', '2024-03-01 10:00:00', 0),
(68004, 1001, 'BILL20240201001', 'BI20240201001A', 4, 1, 201, 0, 0, 8000.00, 8000.00, '2024-02-01 10:00:00', '2024-02-01 10:00:00', 0),
(68005, 1001, 'BILL20240301003', 'BI20240301003A', 5, 1, 201, 0, 0, 8000.00, 8000.00, '2024-03-01 10:00:00', '2024-03-01 10:00:00', 0),
(68006, 1001, 'BILL20240315001', 'BI20240315001A', 6, 1, 101, 0, 1, 3200.00, 3200.00, '2024-03-15 10:00:00', '2024-03-15 10:00:00', 0),
(68007, 1001, 'BILL20240415001', 'BI20240415001A', 7, 1, 101, 0, 1, 3200.00, 3200.00, '2024-04-15 10:00:00', '2024-04-15 10:00:00', 0),
(68008, 1001, 'BILL20240315002', 'BI20240315002A', 8, 1, 101, 0, 1, 3800.00, 3800.00, '2024-03-15 10:00:00', '2024-03-15 10:00:00', 0),
(68009, 1001, 'BILL20240301004', 'BI20240301004A', 9, 1, 101, 0, 1, 1200.00, 1200.00, '2024-03-01 10:00:00', '2024-03-01 10:00:00', 0),
(68010, 1001, 'BILL20240301005', 'BI20240301005A', 10, 1, 101, 0, 1, 1100.00, 1100.00, '2024-03-01 10:00:00', '2024-03-01 10:00:00', 0),
(68011, 1001, 'BILL20240301006', 'BI20240301006A', 11, 1, 101, 0, 1, 1350.00, 1350.00, '2024-03-01 10:00:00', '2024-03-01 10:00:00', 0),
(68012, 1001, 'BILL20240515001', 'BI20240515001A', 12, 1, 101, 0, 1, 2800.00, 2800.00, '2024-05-15 10:00:00', '2024-05-15 10:00:00', 0),
(68013, 1001, 'BILL20240201002', 'BI20240201002A', 13, 1, 201, 0, 0, 2800.00, 2800.00, '2024-02-01 10:00:00', '2024-02-01 10:00:00', 0),
(68014, 1001, 'BILL20240301007', 'BI20240301007A', 14, 1, 201, 0, 0, 4500.00, 4500.00, '2024-03-01 10:00:00', '2024-03-01 10:00:00', 0),
(68015, 1001, 'BILL20240401004', 'BI20240401004A', 15, 1, 101, 0, 1, 4500.00, 4500.00, '2024-04-01 10:00:00', '2024-04-01 10:00:00', 0),
(68016, 1001, 'BILL20240501002', 'BI20240501002A', 16, 1, 101, 0, 1, 3000.00, 1500.00, '2024-05-01 10:00:00', '2024-05-01 10:00:00', 0),
(68017, 1001, 'BILL20240315003', 'BI20240315003A', 17, 1, 101, 0, 1, 1250.00, 1250.00, '2024-03-15 10:00:00', '2024-03-15 10:00:00', 0),
(68018, 1001, 'BILL20240301001', 'BI20240301001B', 1, 2, 102, 6, 1, 50.00, 50.00, '2024-03-01 10:00:00', '2024-03-01 10:00:00', 0),
(68019, 1001, 'BILL20240315001', 'BI20240315001B', 6, 2, 103, 6, 1, 80.00, 80.00, '2024-03-15 10:00:00', '2024-03-15 10:00:00', 0),
(68020, 1001, 'BILL20240301004', 'BI20240301004B', 9, 2, 102, 6, 1, 60.00, 60.00, '2024-03-01 10:00:00', '2024-03-01 10:00:00', 0);

-- ============================================================
-- 28. 智能设备 qft_smart_device (10条: 4门锁+4电表+2水表)
-- ============================================================
INSERT INTO qft_smart_device (
  id, device_no, device_uuid, device_name, device_model, ammeter_sn, brand_no,
  account_id, device_type, device_value, total_quantity, surplus_quantity,
  electic_quantity, online_state, relay_state, instant_value, instant_time,
  create_time, update_time, is_delete
) VALUES
(71001, 'LOCK-001', 'uuid-lock-001', '601门锁', 'SL-200', 'SN-LOCK-001', 'KJX', 1, 1, NULL, NULL, NULL, 85.00, 1, NULL, NULL, '2024-05-01 08:00:00', '2024-02-01 10:00:00', '2024-05-01 08:00:00', 0),
(71002, 'LOCK-002', 'uuid-lock-002', '602门锁', 'SL-200', 'SN-LOCK-002', 'KJX', 1, 1, NULL, NULL, NULL, 72.00, 1, NULL, NULL, '2024-05-01 08:00:00', '2024-02-01 10:00:00', '2024-05-01 08:00:00', 0),
(71003, 'LOCK-003', 'uuid-lock-003', '501门锁', 'SL-300', 'SN-LOCK-003', 'KJX', 1, 1, NULL, NULL, NULL, 90.00, 1, NULL, NULL, '2024-04-28 10:00:00', '2024-02-15 10:00:00', '2024-04-28 10:00:00', 0),
(71004, 'LOCK-004', 'uuid-lock-004', '301门锁', 'SL-300', 'SN-LOCK-004', 'KJX', 1, 1, NULL, NULL, NULL, 45.00, 2, NULL, NULL, '2024-04-01 12:00:00', '2024-03-01 10:00:00', '2024-04-01 12:00:00', 0),
(71005, 'ELEC-001', 'uuid-elec-001', '601电表', 'EM-100', 'SN-ELEC-001', 'YDN', 2, 2, 0.00, 500.00, 180.50, NULL, 1, 1, 319.50, '2024-05-01 00:00:00', '2024-02-01 10:00:00', '2024-05-01 00:00:00', 0),
(71006, 'ELEC-002', 'uuid-elec-002', '602电表', 'EM-100', 'SN-ELEC-002', 'YDN', 2, 2, 0.00, 400.00, 95.20, NULL, 1, 1, 304.80, '2024-05-01 00:00:00', '2024-02-01 10:00:00', '2024-05-01 00:00:00', 0),
(71007, 'ELEC-003', 'uuid-elec-003', '501电表', 'EM-200', 'SN-ELEC-003', 'YDN', 2, 2, 0.00, 300.00, 210.00, NULL, 1, 1, 90.00, '2024-04-30 00:00:00', '2024-02-15 10:00:00', '2024-04-30 00:00:00', 0),
(71008, 'ELEC-004', 'uuid-elec-004', '301电表', 'EM-200', 'SN-ELEC-004', 'YDN', 2, 2, 0.00, 350.00, 280.00, NULL, 1, 1, 70.00, '2024-04-28 00:00:00', '2024-03-01 10:00:00', '2024-04-28 00:00:00', 0),
(71009, 'WATER-001', 'uuid-water-001', '601水表', 'WM-50', 'SN-WATER-001', 'YDN', 3, 3, 0.00, NULL, NULL, NULL, 1, NULL, 25.50, '2024-05-01 00:00:00', '2024-02-01 10:00:00', '2024-05-01 00:00:00', 0),
(71010, 'WATER-002', 'uuid-water-002', '501水表', 'WM-50', 'SN-WATER-002', 'YDN', 3, 3, 0.00, NULL, NULL, NULL, 1, NULL, 18.30, '2024-04-30 00:00:00', '2024-02-15 10:00:00', '2024-04-30 00:00:00', 0);

-- ============================================================
-- 29. 房源设备关系 qft_house_device (10条)
-- ============================================================
INSERT INTO qft_house_device (
  id, company_id, account_id, smart_house_id, device_id, device_type,
  create_time, update_time, is_delete
) VALUES
(72001, 1001, 1, 51001, 71001, 1, '2024-02-01 10:00:00', '2024-02-01 10:00:00', 0),
(72002, 1001, 1, 51002, 71002, 1, '2024-02-01 10:00:00', '2024-02-01 10:00:00', 0),
(72003, 1001, 1, 51005, 71003, 1, '2024-02-15 10:00:00', '2024-02-15 10:00:00', 0),
(72004, 1001, 1, 51009, 71004, 1, '2024-03-01 10:00:00', '2024-03-01 10:00:00', 0),
(72005, 1001, 2, 51001, 71005, 2, '2024-02-01 10:00:00', '2024-02-01 10:00:00', 0),
(72006, 1001, 2, 51002, 71006, 2, '2024-02-01 10:00:00', '2024-02-01 10:00:00', 0),
(72007, 1001, 2, 51005, 71007, 2, '2024-02-15 10:00:00', '2024-02-15 10:00:00', 0),
(72008, 1001, 2, 51009, 71008, 2, '2024-03-01 10:00:00', '2024-03-01 10:00:00', 0),
(72009, 1001, 3, 51001, 71009, 3, '2024-02-01 10:00:00', '2024-02-01 10:00:00', 0),
(72010, 1001, 3, 51005, 71010, 3, '2024-02-15 10:00:00', '2024-02-15 10:00:00', 0);

-- ============================================================
-- 30. 门锁开门记录 qft_smart_lock_open_record (20条)
-- ============================================================
INSERT INTO qft_smart_lock_open_record (
  id, creater_id, business_type, lock_type, create_time, company_id,
  open_door_time, type, lock_id, open_name, open_phone
) VALUES
(73001, 100, 1, 1, '2024-03-01 18:30:00', 1001, '2024-03-01 18:30:00', '0', 'LOCK-001', '钱伟', '13700010001'),
(73002, 100, 1, 1, '2024-03-02 08:15:00', 1001, '2024-03-02 08:15:00', '0', 'LOCK-001', '钱伟', '13700010001'),
(73003, 100, 1, 1, '2024-03-02 19:00:00', 1001, '2024-03-02 19:00:00', '0', 'LOCK-001', '钱伟', '13700010001'),
(73004, 100, 1, 1, '2024-03-03 07:45:00', 1001, '2024-03-03 07:45:00', '2', 'LOCK-001', NULL, NULL),
(73005, 100, 1, 1, '2024-03-01 17:00:00', 1001, '2024-03-01 17:00:00', '0', 'LOCK-002', '孔丽', '13700010002'),
(73006, 100, 1, 1, '2024-03-01 22:30:00', 1001, '2024-03-01 22:30:00', '2', 'LOCK-002', NULL, NULL),
(73007, 100, 1, 1, '2024-03-02 12:00:00', 1001, '2024-03-02 12:00:00', '0', 'LOCK-002', '孔丽', '13700010002'),
(73008, 100, 1, 1, '2024-03-15 14:00:00', 1001, '2024-03-15 14:00:00', '0', 'LOCK-001', '刘洋', '13800001101'),
(73009, 100, 1, 1, '2024-04-01 10:30:00', 1001, '2024-04-01 10:30:00', '0', 'LOCK-003', '严芳', '13700010004'),
(73010, 100, 1, 1, '2024-04-01 18:20:00', 1001, '2024-04-01 18:20:00', '0', 'LOCK-003', '严芳', '13700010004'),
(73011, 100, 1, 1, '2024-04-02 07:50:00', 1001, '2024-04-02 07:50:00', '0', 'LOCK-003', '严芳', '13700010004'),
(73012, 100, 1, 1, '2024-04-02 22:00:00', 1001, '2024-04-02 22:00:00', '2', 'LOCK-003', NULL, NULL),
(73013, 100, 1, 1, '2024-04-15 11:30:00', 1001, '2024-04-15 11:30:00', '0', 'LOCK-004', '韩明', '13700010005'),
(73014, 100, 1, 1, '2024-04-15 19:00:00', 1001, '2024-04-15 19:00:00', '0', 'LOCK-004', '韩明', '13700010005'),
(73015, 100, 1, 1, '2024-04-16 08:00:00', 1001, '2024-04-16 08:00:00', '0', 'LOCK-004', '韩明', '13700010005'),
(73016, 100, 1, 1, '2024-03-20 10:00:00', 1001, '2024-03-20 10:00:00', '0', 'LOCK-001', '张伟', '13800001000'),
(73017, 100, 1, 1, '2024-04-10 14:00:00', 1001, '2024-04-10 14:00:00', '0', 'LOCK-002', '王芳', '13800001102'),
(73018, 100, 1, 1, '2024-04-20 09:30:00', 1001, '2024-04-20 09:30:00', '0', 'LOCK-003', '王芳', '13800001102'),
(73019, 100, 1, 1, '2024-03-05 16:00:00', 1001, '2024-03-05 16:00:00', '1', 'LOCK-001', NULL, NULL),
(73020, 100, 1, 1, '2024-04-05 21:30:00', 1001, '2024-04-05 21:30:00', '1', 'LOCK-003', NULL, NULL);

-- ============================================================
-- 31. 电表充值记录 qft_smart_electricity_meter_recharge_record (15条)
-- ============================================================
INSERT INTO qft_smart_electricity_meter_recharge_record (
  id, company_id, sale_type, house_id, room_id, tenant_id, device_id,
  price, recharge_amount, recharge_electricity, surplus_electricity,
  recharge_type, terminal, status, remark, creater_id, create_time, update_time, is_delete
) VALUES
(74001, 1001, 1, 50001, 51001, 52001, 71005, 0.80, 100.00, 125.00, 305.00, 1, 1, 1, '首次充值', 100, '2024-03-01 10:00:00', '2024-03-01 10:00:00', 0),
(74002, 1001, 1, 50001, 51001, 52001, 71005, 0.80, 80.00, 100.00, 280.50, 2, 3, 1, '微信充值', 52001, '2024-03-20 15:00:00', '2024-03-20 15:00:00', 0),
(74003, 1001, 1, 50001, 51001, 52001, 71005, 0.80, 50.00, 62.50, 180.50, 2, 3, 1, '微信充值', 52001, '2024-04-15 10:00:00', '2024-04-15 10:00:00', 0),
(74004, 1001, 1, 50001, 51002, 52002, 71006, 0.80, 100.00, 125.00, 220.20, 1, 1, 1, '首次充值', 100, '2024-03-01 10:00:00', '2024-03-01 10:00:00', 0),
(74005, 1001, 1, 50001, 51002, 52002, 71006, 0.80, 60.00, 75.00, 170.00, 2, 3, 1, '微信充值', 52002, '2024-04-01 09:00:00', '2024-04-01 09:00:00', 0),
(74006, 1001, 1, 50001, 51002, 52002, 71006, 0.80, 40.00, 50.00, 95.20, 1, 2, 1, 'APP充值', 100, '2024-04-25 14:00:00', '2024-04-25 14:00:00', 0),
(74007, 1001, 1, 50002, 51005, 52004, 71007, 0.85, 100.00, 117.65, 327.65, 1, 1, 1, '首次充值', 102, '2024-04-01 10:00:00', '2024-04-01 10:00:00', 0),
(74008, 1001, 1, 50002, 51005, 52004, 71007, 0.85, 50.00, 58.82, 268.82, 2, 3, 1, '微信充值', 52004, '2024-04-20 11:00:00', '2024-04-20 11:00:00', 0),
(74009, 1001, 1, 50002, 51005, 52004, 71007, 0.85, 80.00, 94.12, 210.00, 1, 1, 1, 'PC端充值', 102, '2024-05-01 09:00:00', '2024-05-01 09:00:00', 0),
(74010, 1001, 1, 50003, 51009, 52005, 71008, 0.80, 100.00, 125.00, 405.00, 1, 1, 1, '首次充值', 103, '2024-04-15 10:00:00', '2024-04-15 10:00:00', 0),
(74011, 1001, 1, 50003, 51009, 52005, 71008, 0.80, 60.00, 75.00, 355.00, 2, 3, 1, '微信充值', 52005, '2024-04-28 16:00:00', '2024-04-28 16:00:00', 0),
(74012, 1001, 1, 50001, 51001, 52001, 71005, 0.80, 200.00, 250.00, 430.50, 1, 1, 1, '大额充值', 100, '2024-02-15 10:00:00', '2024-02-15 10:00:00', 0),
(74013, 1001, 1, 50001, 51002, 52002, 71006, 0.80, 200.00, 250.00, 345.20, 1, 1, 1, '大额充值', 100, '2024-02-15 10:00:00', '2024-02-15 10:00:00', 0),
(74014, 1001, 1, 50002, 51005, 52004, 71007, 0.85, 200.00, 235.29, 445.29, 1, 1, 1, '大额充值', 102, '2024-03-15 10:00:00', '2024-03-15 10:00:00', 0),
(74015, 1001, 1, 50003, 51009, 52005, 71008, 0.80, 200.00, 250.00, 530.00, 1, 1, 1, '大额充值', 103, '2024-03-20 10:00:00', '2024-03-20 10:00:00', 0);

-- ============================================================
-- 32. 装修 qft_renovation (5条)
-- ============================================================
INSERT INTO qft_renovation (
  id, company_id, room_id, room_type, register_id, state, new_progress_name,
  total_time_consumin, start_time, end_time, remarks,
  creater_id, create_time, is_delete
) VALUES
(75001, 1001, 51004, 1, 101, 2, '已验收', 15, '2024-02-10 00:00:00', '2024-02-25 00:00:00', '翻新刷墙+换地板', 101, '2024-02-10 10:00:00', 0),
(75002, 1001, 51006, 1, 102, 1, '水电改造中', NULL, '2024-04-20 00:00:00', NULL, '水电改造+防水', 102, '2024-04-20 10:00:00', 0),
(75003, 1001, 51007, 1, 102, 0, NULL, NULL, NULL, NULL, '待装修排期', 102, '2024-05-01 10:00:00', 0),
(75004, 1001, 70035, 3, 103, 2, '已验收', 20, '2024-03-01 00:00:00', '2024-03-21 00:00:00', '全屋翻新', 103, '2024-03-01 10:00:00', 0),
(75005, 1001, 40009, 2, 103, 2, '已验收', 10, '2024-04-10 00:00:00', '2024-04-20 00:00:00', '厨卫翻新', 103, '2024-04-10 10:00:00', 0);

-- ============================================================
-- 33. 装修记录 qft_rm_renovation_record (5条)
-- ============================================================
INSERT INTO qft_rm_renovation_record (
  id, business_type, housing_id, property_adrr_id, log_time, amortization,
  company_id, entry_time, amortization_start_time, amortization_end_time,
  renovation_cost, is_delete, create_time, creater_id, cost_time, renovation_id
) VALUES
(76001, 1, 50001, 20001, 1, 1, 1001, '2024-02-25 10:00:00', '2024-03-01', '2025-02-28', 15000.00, 0, '2024-02-25 10:00:00', 101, 1, 75001),
(76002, 1, 50002, 20003, 1, 1, 1001, '2024-04-20 10:00:00', '2024-05-01', '2026-04-30', 25000.00, 0, '2024-04-20 10:00:00', 102, 1, 75002),
(76003, 1, 50002, 20003, 2, 0, 1001, '2024-05-01 10:00:00', NULL, NULL, 8000.00, 0, '2024-05-01 10:00:00', 102, 2, 75003),
(76004, 3, 60010, 20005, 1, 1, 1001, '2024-03-21 10:00:00', '2024-04-01', '2025-03-31', 32000.00, 0, '2024-03-21 10:00:00', 103, 1, 75004),
(76005, 2, 30009, 20005, 1, 1, 1001, '2024-04-20 10:00:00', '2024-05-01', '2025-04-30', 12000.00, 0, '2024-04-20 10:00:00', 103, 1, 75005);

-- ============================================================
-- 34. 退房 qft_tenants_check_out (3条)
-- ============================================================
INSERT INTO qft_tenants_check_out (
  id, company_id, housing_id, housing_type, room_id, tenants_id,
  check_out_time, check_out_type, water, electricity, gas,
  back_deposit_money, back_rents_money, water_money, electricity_money, gas_money,
  liquidated_damages, clean_money, back_money, deductions, true_back_money,
  check_out_reason, approval_state, creater_id, create_time, is_delete, is_retreated
) VALUES
(77001, 1001, 60003, 3, 70010, 80005, '2024-05-15 10:00:00', 1, 30.5, 1500.0, 45.0, 1200.00, 500.00, 50.00, 120.00, 30.00, 0.00, 100.00, 1700.00, 300.00, 1400.00, '工作调动', 1, 103, '2024-05-15 10:00:00', 0, 1),
(77002, 1001, 30003, 2, 40003, 50003, '2024-08-31 10:00:00', 1, 25.0, 1200.0, 38.0, 2800.00, 0.00, 40.00, 100.00, 25.00, 0.00, 80.00, 2800.00, 245.00, 2555.00, '合同到期', 1, 100, '2024-08-31 10:00:00', 0, 1),
(77003, 1001, 60007, 3, 70024, 80015, '2024-04-20 10:00:00', 3, 18.0, 900.0, 22.0, 0.00, 200.00, 30.00, 80.00, 15.00, 500.00, 100.00, 200.00, 725.00, -525.00, '个人原因违约退房', 1, 102, '2024-04-20 10:00:00', 0, 1);

-- ============================================================
-- 35. 同住人 qft_tenants_cohabit (5条)
-- ============================================================
INSERT INTO qft_tenants_cohabit (
  id, company_id, room_id, tenant_id, business_type, cohabit_name,
  cohabit_phone, cohabit_id_type, cohabit_id_card, sex, rental_status,
  check_time, is_delete, creater_id, create_time
) VALUES
(78001, 1001, 70001, 80001, 3, '张三女友', '13600010001', 1, '510104199801010011', 1, 1, '2024-03-05 00:00:00', 0, 100, '2024-03-05 10:00:00'),
(78002, 1001, 40004, 50004, 2, '赵雅琴丈夫', '13600010002', 1, '510104198505050022', 0, 1, '2024-04-01 00:00:00', 0, 100, '2024-04-01 10:00:00'),
(78003, 1001, 51001, 52001, 1, '钱伟妻子', '13600010003', 1, '510104199701200033', 1, 1, '2024-03-10 00:00:00', 0, 100, '2024-03-10 10:00:00'),
(78004, 1001, 40010, 50010, 2, '马晓峰妻子', '13600010004', 1, '510106198902150044', 1, 1, '2024-06-15 00:00:00', 0, 104, '2024-06-15 10:00:00'),
(78005, 1001, 70017, 80010, 3, '谢晓红室友', '13600010005', 1, '510105199705100055', 1, 2, '2024-03-01 00:00:00', 0, 102, '2024-03-01 10:00:00');

-- ============================================================
-- 36. 维修 qft_room_repair (5条)
-- ============================================================
INSERT INTO qft_room_repair (
  id, company_id, creater_id, create_time, house_id, room_id,
  room_type, repair_type, tenant_name, tenant_phone,
  responsibility, repair_event, repair_name, intersection, receive, receive_time,
  repair_status, is_delete, return_status, store_id, city_id, confirm_status
) VALUES
(79001, 1001, 100, '2024-03-20 14:00:00', 50001, 51001, 1, 1, '钱伟', '13700010001', 2, '热水器不出热水', '陈杰', 2, 2, '2024-03-20 15:00:00', 2, 0, 2, 10001, 510100, 1),
(79002, 1001, 80001, '2024-04-05 09:00:00', 60001, 70001, 3, 1, '张三', '13900030001', 1, '卧室灯不亮，疑似灯泡坏了', '刘洋', 2, 2, '2024-04-05 10:00:00', 2, 0, 2, 10001, 510100, 1),
(79003, 1001, 102, '2024-04-15 11:00:00', 50002, 51005, 1, 1, '严芳', '13700010004', 2, '马桶漏水', NULL, 1, 1, NULL, 3, 0, 1, 10002, 510100, 0),
(79004, 1001, 50005, '2024-05-01 16:00:00', 30005, 40005, 2, 1, '孙文博', '13900020005', 1, '空调不制冷', '赵敏', 2, 2, '2024-05-02 09:00:00', 1, 0, 1, 10002, 510100, 0),
(79005, 1001, 103, '2024-04-25 10:00:00', 50003, 51009, 1, 2, NULL, NULL, 2, '空置房间窗户玻璃裂缝', '陈杰', 2, 2, '2024-04-25 11:00:00', 2, 0, 1, 10003, 510100, 1);

SET FOREIGN_KEY_CHECKS = 1;
