-- ============================================================================
-- Fixed seed data (auto-generated by import_seed_data.py)
-- Column names corrected to match real table structure
-- Uses INSERT IGNORE to skip duplicates
-- ============================================================================

UPDATE `qft_whole_housing` SET bedroom=2, livingroom=1, bathroom=1 WHERE id=30001;

UPDATE `qft_whole_housing` SET bedroom=3, livingroom=2, bathroom=1 WHERE id=30002;

UPDATE `qft_whole_housing` SET bedroom=1, livingroom=0, bathroom=1, inside_space=35.00 WHERE id=30003;

UPDATE `qft_whole_housing` SET bedroom=4, livingroom=2, bathroom=2 WHERE id=30004;

UPDATE `qft_whole_housing` SET bedroom=2, livingroom=1, bathroom=1 WHERE id=30005;

UPDATE `qft_whole_housing` SET bedroom=3, livingroom=1, bathroom=1 WHERE id=30006;

UPDATE `qft_whole_housing` SET bedroom=1, livingroom=0, bathroom=1, inside_space=40.00 WHERE id=30007;

UPDATE `qft_whole_housing` SET bedroom=4, livingroom=2, bathroom=2 WHERE id=30008;

UPDATE `qft_whole_housing` SET bedroom=2, livingroom=1, bathroom=1 WHERE id=30009;

UPDATE `qft_whole_housing` SET bedroom=4, livingroom=2, bathroom=2 WHERE id=30010;

UPDATE `qft_whole_housing` SET before_audit_status=0 WHERE id IN (30003, 30007);

UPDATE `qft_whole_housing` SET before_audit_status=2 WHERE id=30009;

UPDATE `qft_joint_room` SET last_time='2025-03-15 00:00:00', cumte_vacancy_day=10 WHERE id=70003;

UPDATE `qft_joint_room` SET last_time='2025-02-23 00:00:00', cumte_vacancy_day=30 WHERE id=70004;

UPDATE `qft_joint_room` SET last_time='2025-02-03 00:00:00', cumte_vacancy_day=50 WHERE id=70007;

UPDATE `qft_joint_room` SET last_time='2025-01-04 00:00:00', cumte_vacancy_day=80 WHERE id=70010;

UPDATE `qft_joint_room` SET last_time='2025-03-10 00:00:00', cumte_vacancy_day=15 WHERE id=70011;

UPDATE `qft_joint_room` SET last_time='2025-01-24 00:00:00', cumte_vacancy_day=60 WHERE id=70012;

UPDATE `qft_joint_room` SET last_time='2025-02-13 00:00:00', cumte_vacancy_day=40 WHERE id=70016;

UPDATE `qft_joint_room` SET last_time='2025-03-20 00:00:00', cumte_vacancy_day=5 WHERE id=70020;

UPDATE `qft_joint_room` SET last_time='2025-02-23 00:00:00', cumte_vacancy_day=30 WHERE id=70027;

UPDATE `qft_joint_room` SET last_time='2025-01-14 00:00:00', cumte_vacancy_day=70 WHERE id=70037;

UPDATE `qft_joint_room` SET last_time='2024-12-25 00:00:00', cumte_vacancy_day=90 WHERE id=70038;

UPDATE `qft_focus_room` SET last_time='2025-03-01 00:00:00', cumte_vacancy_day=24 WHERE id=51004;

UPDATE `qft_focus_room` SET last_time='2025-02-10 00:00:00', cumte_vacancy_day=43 WHERE id=51006;

UPDATE `qft_focus_room` SET last_time='2025-01-15 00:00:00', cumte_vacancy_day=69 WHERE id=51007;

UPDATE `qft_focus_room` SET last_time='2025-03-18 00:00:00', cumte_vacancy_day=7 WHERE id=51010;

UPDATE `qft_whole_tenants` SET before_audit_status=0 WHERE id IN (50003, 50007);

UPDATE `qft_whole_tenants` SET before_audit_status=2 WHERE id=50009;

UPDATE `qft_joint_tenants` SET before_audit_status=0 WHERE id IN (80004, 80014);

UPDATE `qft_joint_tenants` SET before_audit_status=2 WHERE id=80008;

UPDATE `qft_focus_tenants` SET before_audit_status=0 WHERE id=52002;

UPDATE `qft_focus_tenants` SET before_audit_status=2 WHERE id=52004;

INSERT IGNORE INTO `qft_user` (`id`, `company_id`, `realname`, `phone`, `creater_id`, `create_time`, `is_delete`, `account`, `password`, `source_type`, `is_enable_app`) VALUES
(60001, 1001, '张清', '13900060001', 1, '2024-01-10 10:00:00', 0, '', '', 0, 0),
(60002, 1001, '刘洋', '13900060002', 1, '2024-01-10 10:00:00', 0, '', '', 0, 0),
(60003, 1001, '王芳', '13900060003', 1, '2024-01-10 10:00:00', 0, '', '', 0, 0),
(60004, 1001, '陈磊', '13900060004', 1, '2024-01-10 10:00:00', 0, '', '', 0, 0),
(60005, 1001, '李娟', '13900060005', 1, '2024-01-10 10:00:00', 0, '', '', 0, 0);

INSERT IGNORE INTO `qft_butler` (`id`, `company_id`, `user_id`, `housing_id`, `businessType`, `creater_id`, `create_time`) VALUES
(100001, 1001, 60001, 60001, 3, 1, '2024-02-01 10:00:00'),
(100002, 1001, 60001, 60002, 3, 1, '2024-02-01 10:00:00'),
(100003, 1001, 60001, 60003, 3, 1, '2024-02-01 10:00:00'),
(100004, 1001, 60001, 60004, 3, 1, '2024-02-01 10:00:00'),
(100005, 1001, 60001, 30001, 2, 1, '2024-02-01 10:00:00'),
(100006, 1001, 60001, 30002, 2, 1, '2024-02-01 10:00:00'),
(100007, 1001, 60001, 30003, 2, 1, '2024-02-01 10:00:00'),
(100008, 1001, 60001, 50001, 1, 1, '2024-02-01 10:00:00'),
(100009, 1001, 60002, 60005, 3, 1, '2024-02-01 10:00:00'),
(100010, 1001, 60002, 60006, 3, 1, '2024-02-01 10:00:00'),
(100011, 1001, 60002, 30004, 2, 1, '2024-02-01 10:00:00'),
(100012, 1001, 60002, 30005, 2, 1, '2024-02-01 10:00:00'),
(100013, 1001, 60003, 60007, 3, 1, '2024-02-01 10:00:00'),
(100014, 1001, 60003, 60008, 3, 1, '2024-02-01 10:00:00'),
(100015, 1001, 60003, 30006, 2, 1, '2024-02-01 10:00:00'),
(100016, 1001, 60004, 60009, 3, 1, '2024-02-01 10:00:00'),
(100017, 1001, 60004, 60010, 3, 1, '2024-02-01 10:00:00'),
(100018, 1001, 60004, 30007, 2, 1, '2024-02-01 10:00:00'),
(100019, 1001, 60004, 30008, 2, 1, '2024-02-01 10:00:00'),
(100020, 1001, 60004, 50002, 1, 1, '2024-02-01 10:00:00'),
(100021, 1001, 60005, 30009, 2, 1, '2024-02-01 10:00:00'),
(100022, 1001, 60005, 30010, 2, 1, '2024-02-01 10:00:00'),
(100023, 1001, 60005, 50003, 1, 1, '2024-02-01 10:00:00');

INSERT IGNORE INTO `qft_room_butler` (`id`, `company_id`, `user_id`, `room_id`, `businessType`, `creater_id`, `create_time`) VALUES
(200001, 1001, 60001, 70001, 3, 1, '2024-02-01 10:00:00'),
(200002, 1001, 60001, 70002, 3, 1, '2024-02-01 10:00:00'),
(200003, 1001, 60001, 70003, 3, 1, '2024-02-01 10:00:00'),
(200004, 1001, 60001, 70004, 3, 1, '2024-02-01 10:00:00'),
(200005, 1001, 60001, 70005, 3, 1, '2024-02-01 10:00:00'),
(200006, 1001, 60001, 70006, 3, 1, '2024-02-01 10:00:00'),
(200007, 1001, 60001, 70007, 3, 1, '2024-02-01 10:00:00'),
(200008, 1001, 60001, 70008, 3, 1, '2024-02-01 10:00:00'),
(200009, 1001, 60001, 70009, 3, 1, '2024-02-01 10:00:00'),
(200010, 1001, 60001, 70010, 3, 1, '2024-02-01 10:00:00'),
(200011, 1001, 60001, 70011, 3, 1, '2024-02-01 10:00:00'),
(200012, 1001, 60001, 70012, 3, 1, '2024-02-01 10:00:00'),
(200013, 1001, 60001, 70013, 3, 1, '2024-02-01 10:00:00'),
(200014, 1001, 60001, 70014, 3, 1, '2024-02-01 10:00:00'),
(200015, 1001, 60001, 70015, 3, 1, '2024-02-01 10:00:00'),
(200016, 1001, 60001, 70016, 3, 1, '2024-02-01 10:00:00'),
(200017, 1001, 60001, 40001, 2, 1, '2024-02-01 10:00:00'),
(200018, 1001, 60001, 40002, 2, 1, '2024-02-01 10:00:00'),
(200019, 1001, 60001, 40003, 2, 1, '2024-02-01 10:00:00'),
(200020, 1001, 60001, 51001, 1, 1, '2024-02-01 10:00:00'),
(200021, 1001, 60001, 51002, 1, 1, '2024-02-01 10:00:00'),
(200022, 1001, 60001, 51003, 1, 1, '2024-02-01 10:00:00'),
(200023, 1001, 60001, 51004, 1, 1, '2024-02-01 10:00:00'),
(200024, 1001, 60002, 70017, 3, 1, '2024-02-01 10:00:00'),
(200025, 1001, 60002, 70018, 3, 1, '2024-02-01 10:00:00'),
(200026, 1001, 60002, 70019, 3, 1, '2024-02-01 10:00:00'),
(200027, 1001, 60002, 70020, 3, 1, '2024-02-01 10:00:00'),
(200028, 1001, 60002, 70021, 3, 1, '2024-02-01 10:00:00'),
(200029, 1001, 60002, 70022, 3, 1, '2024-02-01 10:00:00'),
(200030, 1001, 60002, 70023, 3, 1, '2024-02-01 10:00:00'),
(200031, 1001, 60002, 40004, 2, 1, '2024-02-01 10:00:00'),
(200032, 1001, 60002, 40005, 2, 1, '2024-02-01 10:00:00'),
(200033, 1001, 60003, 70024, 3, 1, '2024-02-01 10:00:00'),
(200034, 1001, 60003, 70025, 3, 1, '2024-02-01 10:00:00'),
(200035, 1001, 60003, 70026, 3, 1, '2024-02-01 10:00:00'),
(200036, 1001, 60003, 70027, 3, 1, '2024-02-01 10:00:00'),
(200037, 1001, 60003, 70028, 3, 1, '2024-02-01 10:00:00'),
(200038, 1001, 60003, 70029, 3, 1, '2024-02-01 10:00:00'),
(200039, 1001, 60003, 70030, 3, 1, '2024-02-01 10:00:00'),
(200040, 1001, 60003, 40006, 2, 1, '2024-02-01 10:00:00'),
(200041, 1001, 60004, 70031, 3, 1, '2024-02-01 10:00:00'),
(200042, 1001, 60004, 70032, 3, 1, '2024-02-01 10:00:00'),
(200043, 1001, 60004, 70033, 3, 1, '2024-02-01 10:00:00'),
(200044, 1001, 60004, 70034, 3, 1, '2024-02-01 10:00:00'),
(200045, 1001, 60004, 70035, 3, 1, '2024-02-01 10:00:00'),
(200046, 1001, 60004, 70036, 3, 1, '2024-02-01 10:00:00'),
(200047, 1001, 60004, 70037, 3, 1, '2024-02-01 10:00:00'),
(200048, 1001, 60004, 70038, 3, 1, '2024-02-01 10:00:00'),
(200049, 1001, 60004, 40007, 2, 1, '2024-02-01 10:00:00'),
(200050, 1001, 60004, 40008, 2, 1, '2024-02-01 10:00:00'),
(200051, 1001, 60004, 51005, 1, 1, '2024-02-01 10:00:00'),
(200052, 1001, 60004, 51006, 1, 1, '2024-02-01 10:00:00'),
(200053, 1001, 60004, 51007, 1, 1, '2024-02-01 10:00:00'),
(200054, 1001, 60004, 51008, 1, 1, '2024-02-01 10:00:00'),
(200055, 1001, 60005, 40009, 2, 1, '2024-02-01 10:00:00'),
(200056, 1001, 60005, 40010, 2, 1, '2024-02-01 10:00:00'),
(200057, 1001, 60005, 51009, 1, 1, '2024-02-01 10:00:00'),
(200058, 1001, 60005, 51010, 1, 1, '2024-02-01 10:00:00');

INSERT IGNORE INTO `qft_joint_tenants_income` (`id`, `company_id`, `housing_id`, `room_id`, `city_id`, `store_id`, `tenants_id`, `business_type`, `contract_type`, `pay_count`, `log_index`, `house_money`, `collection_date`, `start_valid_date`, `end_valid_date`, `pay_money`, `final_money`, `real_money`, `debt_money`, `pay_status`, `real_pay_date`, `interval_month`, `creater_id`, `create_time`, `is_delete`) VALUES
(100001, 1001, 60002, 70005, 510100, 10001, 80003, 3, 1, 7, 7, 1300.00, '2024-09-10 00:00:00', '2024-09-15 00:00:00', '2024-10-14 23:59:59', 1300.00, 1300.00, 1300.00, 0.00, 3, '2024-09-12 14:30:00', 1, 1, '2024-09-10 00:00:00', 0),
(100002, 1001, 60002, 70005, 510100, 10001, 80003, 3, 1, 8, 8, 1300.00, '2024-10-10 00:00:00', '2024-10-15 00:00:00', '2024-11-14 23:59:59', 1300.00, 1300.00, 1300.00, 0.00, 3, '2024-10-11 10:00:00', 1, 1, '2024-10-10 00:00:00', 0),
(100003, 1001, 60002, 70005, 510100, 10001, 80003, 3, 1, 9, 9, 1300.00, '2024-11-10 00:00:00', '2024-11-15 00:00:00', '2024-12-14 23:59:59', 1300.00, 1300.00, 1300.00, 0.00, 3, '2024-11-13 16:00:00', 1, 1, '2024-11-10 00:00:00', 0),
(100004, 1001, 60002, 70005, 510100, 10001, 80003, 3, 1, 10, 10, 1300.00, '2024-12-10 00:00:00', '2024-12-15 00:00:00', '2025-01-14 23:59:59', 1300.00, 1300.00, 1300.00, 0.00, 3, '2024-12-12 09:00:00', 1, 1, '2024-12-10 00:00:00', 0),
(100005, 1001, 60002, 70005, 510100, 10001, 80003, 3, 1, 11, 11, 1300.00, '2025-01-10 00:00:00', '2025-01-15 00:00:00', '2025-02-14 23:59:59', 1300.00, 1300.00, 800.00, 500.00, 2, '2025-01-15 11:00:00', 1, 1, '2025-01-10 00:00:00', 0),
(100006, 1001, 60002, 70005, 510100, 10001, 80003, 3, 1, 12, 12, 1300.00, '2025-02-10 00:00:00', '2025-02-15 00:00:00', '2025-03-14 23:59:59', 1300.00, 1300.00, 0.00, 1300.00, 1, NULL, 1, 1, '2025-02-10 00:00:00', 0),
(100007, 1001, 60002, 70006, 510100, 10001, 80004, 3, 1, 6, 6, 950.00, '2024-09-26 00:00:00', '2024-10-01 00:00:00', '2024-10-31 23:59:59', 950.00, 950.00, 950.00, 0.00, 3, '2024-09-28 10:00:00', 1, 1, '2024-09-26 00:00:00', 0),
(100008, 1001, 60002, 70006, 510100, 10001, 80004, 3, 1, 7, 7, 950.00, '2024-10-26 00:00:00', '2024-11-01 00:00:00', '2024-11-30 23:59:59', 950.00, 950.00, 950.00, 0.00, 3, '2024-10-28 14:00:00', 1, 1, '2024-10-26 00:00:00', 0),
(100009, 1001, 60002, 70006, 510100, 10001, 80004, 3, 1, 8, 8, 950.00, '2024-11-26 00:00:00', '2024-12-01 00:00:00', '2024-12-31 23:59:59', 950.00, 950.00, 950.00, 0.00, 3, '2024-11-28 09:00:00', 1, 1, '2024-11-26 00:00:00', 0),
(100010, 1001, 60002, 70006, 510100, 10001, 80004, 3, 1, 9, 9, 950.00, '2024-12-26 00:00:00', '2025-01-01 00:00:00', '2025-01-31 23:59:59', 950.00, 950.00, 950.00, 0.00, 3, '2024-12-28 11:00:00', 1, 1, '2024-12-26 00:00:00', 0),
(100011, 1001, 60002, 70006, 510100, 10001, 80004, 3, 1, 10, 10, 950.00, '2025-01-26 00:00:00', '2025-02-01 00:00:00', '2025-02-28 23:59:59', 950.00, 950.00, 950.00, 0.00, 3, '2025-01-28 15:00:00', 1, 1, '2025-01-26 00:00:00', 0),
(100012, 1001, 60002, 70006, 510100, 10001, 80004, 3, 1, 11, 11, 950.00, '2025-02-26 00:00:00', '2025-03-01 00:00:00', '2025-03-31 23:59:59', 950.00, 950.00, 0.00, 950.00, 1, NULL, 1, 1, '2025-02-26 00:00:00', 0),
(100013, 1001, 60004, 70013, 510100, 10001, 80007, 3, 1, 6, 6, 1250.00, '2024-09-10 00:00:00', '2024-09-15 00:00:00', '2024-10-14 23:59:59', 1250.00, 1250.00, 1250.00, 0.00, 3, '2024-09-12 10:00:00', 1, 1, '2024-09-10 00:00:00', 0),
(100014, 1001, 60004, 70013, 510100, 10001, 80007, 3, 1, 7, 7, 1250.00, '2024-10-10 00:00:00', '2024-10-15 00:00:00', '2024-11-14 23:59:59', 1250.00, 1250.00, 1250.00, 0.00, 3, '2024-10-13 09:00:00', 1, 1, '2024-10-10 00:00:00', 0),
(100015, 1001, 60004, 70013, 510100, 10001, 80007, 3, 1, 8, 8, 1250.00, '2024-11-10 00:00:00', '2024-11-15 00:00:00', '2024-12-14 23:59:59', 1250.00, 1250.00, 1250.00, 0.00, 3, '2024-11-12 14:00:00', 1, 1, '2024-11-10 00:00:00', 0),
(100016, 1001, 60004, 70013, 510100, 10001, 80007, 3, 1, 9, 9, 1250.00, '2024-12-10 00:00:00', '2024-12-15 00:00:00', '2025-01-14 23:59:59', 1250.00, 1250.00, 500.00, 750.00, 2, '2024-12-20 16:00:00', 1, 1, '2024-12-10 00:00:00', 0),
(100017, 1001, 60004, 70013, 510100, 10001, 80007, 3, 1, 10, 10, 1250.00, '2025-01-10 00:00:00', '2025-01-15 00:00:00', '2025-02-14 23:59:59', 1250.00, 1250.00, 1250.00, 0.00, 3, '2025-01-12 10:00:00', 1, 1, '2025-01-10 00:00:00', 0),
(100018, 1001, 60004, 70013, 510100, 10001, 80007, 3, 1, 11, 11, 1250.00, '2025-02-10 00:00:00', '2025-02-15 00:00:00', '2025-03-14 23:59:59', 1250.00, 1250.00, 0.00, 1250.00, 1, NULL, 1, 1, '2025-02-10 00:00:00', 0),
(100019, 1001, 60004, 70014, 510100, 10001, 80008, 3, 1, 6, 6, 1150.00, '2024-09-10 00:00:00', '2024-09-15 00:00:00', '2024-10-14 23:59:59', 1150.00, 1150.00, 1150.00, 0.00, 3, '2024-09-11 10:00:00', 1, 1, '2024-09-10 00:00:00', 0),
(100020, 1001, 60004, 70014, 510100, 10001, 80008, 3, 1, 7, 7, 1150.00, '2024-10-10 00:00:00', '2024-10-15 00:00:00', '2024-11-14 23:59:59', 1150.00, 1150.00, 1150.00, 0.00, 3, '2024-10-12 14:00:00', 1, 1, '2024-10-10 00:00:00', 0),
(100021, 1001, 60004, 70014, 510100, 10001, 80008, 3, 1, 8, 8, 1150.00, '2024-11-10 00:00:00', '2024-11-15 00:00:00', '2024-12-14 23:59:59', 1150.00, 1150.00, 1150.00, 0.00, 3, '2024-11-11 09:00:00', 1, 1, '2024-11-10 00:00:00', 0),
(100022, 1001, 60004, 70014, 510100, 10001, 80008, 3, 1, 9, 9, 1150.00, '2024-12-10 00:00:00', '2024-12-15 00:00:00', '2025-01-14 23:59:59', 1150.00, 1150.00, 1150.00, 0.00, 3, '2024-12-13 11:00:00', 1, 1, '2024-12-10 00:00:00', 0),
(100023, 1001, 60004, 70014, 510100, 10001, 80008, 3, 1, 10, 10, 1150.00, '2025-01-10 00:00:00', '2025-01-15 00:00:00', '2025-02-14 23:59:59', 1150.00, 1150.00, 1150.00, 0.00, 3, '2025-01-14 10:00:00', 1, 1, '2025-01-10 00:00:00', 0),
(100024, 1001, 60004, 70014, 510100, 10001, 80008, 3, 1, 11, 11, 1150.00, '2025-02-10 00:00:00', '2025-02-15 00:00:00', '2025-03-14 23:59:59', 1150.00, 1150.00, 1150.00, 0.00, 3, '2025-02-12 15:00:00', 1, 1, '2025-02-10 00:00:00', 0),
(100025, 1001, 60004, 70015, 510100, 10001, 80009, 3, 1, 5, 5, 950.00, '2024-09-26 00:00:00', '2024-10-01 00:00:00', '2024-10-31 23:59:59', 950.00, 950.00, 950.00, 0.00, 3, '2024-09-28 10:00:00', 1, 1, '2024-09-26 00:00:00', 0),
(100026, 1001, 60004, 70015, 510100, 10001, 80009, 3, 1, 6, 6, 950.00, '2024-10-26 00:00:00', '2024-11-01 00:00:00', '2024-11-30 23:59:59', 950.00, 950.00, 950.00, 0.00, 3, '2024-10-28 14:00:00', 1, 1, '2024-10-26 00:00:00', 0),
(100027, 1001, 60004, 70015, 510100, 10001, 80009, 3, 1, 7, 7, 950.00, '2024-11-26 00:00:00', '2024-12-01 00:00:00', '2024-12-31 23:59:59', 950.00, 950.00, 950.00, 0.00, 3, '2024-11-29 09:00:00', 1, 1, '2024-11-26 00:00:00', 0),
(100028, 1001, 60004, 70015, 510100, 10001, 80009, 3, 1, 8, 8, 950.00, '2024-12-26 00:00:00', '2025-01-01 00:00:00', '2025-01-31 23:59:59', 950.00, 950.00, 0.00, 950.00, 1, NULL, 1, 1, '2024-12-26 00:00:00', 0),
(100029, 1001, 60004, 70015, 510100, 10001, 80009, 3, 1, 9, 9, 950.00, '2025-01-26 00:00:00', '2025-02-01 00:00:00', '2025-02-28 23:59:59', 950.00, 950.00, 0.00, 950.00, 1, NULL, 1, 1, '2025-01-26 00:00:00', 0),
(100030, 1001, 60004, 70015, 510100, 10001, 80009, 3, 1, 10, 10, 950.00, '2025-02-26 00:00:00', '2025-03-01 00:00:00', '2025-03-31 23:59:59', 950.00, 950.00, 0.00, 950.00, 1, NULL, 1, 1, '2025-02-26 00:00:00', 0),
(100031, 1001, 60006, 70021, 510100, 10002, 80012, 3, 1, 5, 5, 1250.00, '2024-09-26 00:00:00', '2024-10-01 00:00:00', '2024-10-31 23:59:59', 1250.00, 1250.00, 1250.00, 0.00, 3, '2024-09-28 10:00:00', 1, 1, '2024-09-26 00:00:00', 0),
(100032, 1001, 60006, 70021, 510100, 10002, 80012, 3, 1, 6, 6, 1250.00, '2024-10-26 00:00:00', '2024-11-01 00:00:00', '2024-11-30 23:59:59', 1250.00, 1250.00, 1250.00, 0.00, 3, '2024-10-28 14:00:00', 1, 1, '2024-10-26 00:00:00', 0),
(100033, 1001, 60006, 70021, 510100, 10002, 80012, 3, 1, 7, 7, 1250.00, '2024-11-26 00:00:00', '2024-12-01 00:00:00', '2024-12-31 23:59:59', 1250.00, 1250.00, 1250.00, 0.00, 3, '2024-11-28 09:00:00', 1, 1, '2024-11-26 00:00:00', 0),
(100034, 1001, 60006, 70021, 510100, 10002, 80012, 3, 1, 8, 8, 1250.00, '2024-12-26 00:00:00', '2025-01-01 00:00:00', '2025-01-31 23:59:59', 1250.00, 1250.00, 1250.00, 0.00, 3, '2024-12-28 11:00:00', 1, 1, '2024-12-26 00:00:00', 0),
(100035, 1001, 60006, 70021, 510100, 10002, 80012, 3, 1, 9, 9, 1250.00, '2025-01-26 00:00:00', '2025-02-01 00:00:00', '2025-02-28 23:59:59', 1250.00, 1250.00, 700.00, 550.00, 2, '2025-02-05 10:00:00', 1, 1, '2025-01-26 00:00:00', 0),
(100036, 1001, 60006, 70021, 510100, 10002, 80012, 3, 1, 10, 10, 1250.00, '2025-02-26 00:00:00', '2025-03-01 00:00:00', '2025-03-31 23:59:59', 1250.00, 1250.00, 0.00, 1250.00, 1, NULL, 1, 1, '2025-02-26 00:00:00', 0),
(100037, 1001, 60006, 70022, 510100, 10002, 80013, 3, 1, 5, 5, 1000.00, '2024-09-26 00:00:00', '2024-10-01 00:00:00', '2024-10-31 23:59:59', 1000.00, 1000.00, 1000.00, 0.00, 3, '2024-09-29 10:00:00', 1, 1, '2024-09-26 00:00:00', 0),
(100038, 1001, 60006, 70022, 510100, 10002, 80013, 3, 1, 6, 6, 1000.00, '2024-10-26 00:00:00', '2024-11-01 00:00:00', '2024-11-30 23:59:59', 1000.00, 1000.00, 1000.00, 0.00, 3, '2024-10-29 14:00:00', 1, 1, '2024-10-26 00:00:00', 0),
(100039, 1001, 60006, 70022, 510100, 10002, 80013, 3, 1, 7, 7, 1000.00, '2024-11-26 00:00:00', '2024-12-01 00:00:00', '2024-12-31 23:59:59', 1000.00, 1000.00, 1000.00, 0.00, 3, '2024-11-29 09:00:00', 1, 1, '2024-11-26 00:00:00', 0),
(100040, 1001, 60006, 70022, 510100, 10002, 80013, 3, 1, 8, 8, 1000.00, '2024-12-26 00:00:00', '2025-01-01 00:00:00', '2025-01-31 23:59:59', 1000.00, 1000.00, 1000.00, 0.00, 3, '2024-12-28 11:00:00', 1, 1, '2024-12-26 00:00:00', 0),
(100041, 1001, 60006, 70022, 510100, 10002, 80013, 3, 1, 9, 9, 1000.00, '2025-01-26 00:00:00', '2025-02-01 00:00:00', '2025-02-28 23:59:59', 1000.00, 1000.00, 1000.00, 0.00, 3, '2025-01-28 10:00:00', 1, 1, '2025-01-26 00:00:00', 0),
(100042, 1001, 60006, 70022, 510100, 10002, 80013, 3, 1, 10, 10, 1000.00, '2025-02-26 00:00:00', '2025-03-01 00:00:00', '2025-03-31 23:59:59', 1000.00, 1000.00, 0.00, 1000.00, 1, NULL, 1, 1, '2025-02-26 00:00:00', 0),
(100043, 1001, 60006, 70023, 510100, 10002, 80014, 3, 1, 5, 5, 900.00, '2024-09-26 00:00:00', '2024-10-01 00:00:00', '2024-10-31 23:59:59', 900.00, 900.00, 900.00, 0.00, 3, '2024-09-30 10:00:00', 1, 1, '2024-09-26 00:00:00', 0),
(100044, 1001, 60006, 70023, 510100, 10002, 80014, 3, 1, 6, 6, 900.00, '2024-10-26 00:00:00', '2024-11-01 00:00:00', '2024-11-30 23:59:59', 900.00, 900.00, 900.00, 0.00, 3, '2024-10-30 14:00:00', 1, 1, '2024-10-26 00:00:00', 0),
(100045, 1001, 60006, 70023, 510100, 10002, 80014, 3, 1, 7, 7, 900.00, '2024-11-26 00:00:00', '2024-12-01 00:00:00', '2024-12-31 23:59:59', 900.00, 900.00, 900.00, 0.00, 3, '2024-11-30 09:00:00', 1, 1, '2024-11-26 00:00:00', 0),
(100046, 1001, 60006, 70023, 510100, 10002, 80014, 3, 1, 8, 8, 900.00, '2024-12-26 00:00:00', '2025-01-01 00:00:00', '2025-01-31 23:59:59', 900.00, 900.00, 0.00, 900.00, 1, NULL, 1, 1, '2024-12-26 00:00:00', 0),
(100047, 1001, 60006, 70023, 510100, 10002, 80014, 3, 1, 9, 9, 900.00, '2025-01-26 00:00:00', '2025-02-01 00:00:00', '2025-02-28 23:59:59', 900.00, 900.00, 0.00, 900.00, 1, NULL, 1, 1, '2025-01-26 00:00:00', 0),
(100048, 1001, 60006, 70023, 510100, 10002, 80014, 3, 1, 10, 10, 900.00, '2025-02-26 00:00:00', '2025-03-01 00:00:00', '2025-03-31 23:59:59', 900.00, 900.00, 0.00, 900.00, 1, NULL, 1, 1, '2025-02-26 00:00:00', 0),
(100049, 1001, 60007, 70026, 510100, 10002, 80017, 3, 1, 4, 4, 950.00, '2024-09-26 00:00:00', '2024-10-01 00:00:00', '2024-10-31 23:59:59', 950.00, 950.00, 950.00, 0.00, 3, '2024-09-28 10:00:00', 1, 1, '2024-09-26 00:00:00', 0),
(100050, 1001, 60007, 70026, 510100, 10002, 80017, 3, 1, 5, 5, 950.00, '2024-10-26 00:00:00', '2024-11-01 00:00:00', '2024-11-30 23:59:59', 950.00, 950.00, 950.00, 0.00, 3, '2024-10-28 14:00:00', 1, 1, '2024-10-26 00:00:00', 0),
(100051, 1001, 60007, 70026, 510100, 10002, 80017, 3, 1, 6, 6, 950.00, '2024-11-26 00:00:00', '2024-12-01 00:00:00', '2024-12-31 23:59:59', 950.00, 950.00, 950.00, 0.00, 3, '2024-11-28 09:00:00', 1, 1, '2024-11-26 00:00:00', 0),
(100052, 1001, 60007, 70026, 510100, 10002, 80017, 3, 1, 7, 7, 950.00, '2024-12-26 00:00:00', '2025-01-01 00:00:00', '2025-01-31 23:59:59', 950.00, 950.00, 950.00, 0.00, 3, '2024-12-28 11:00:00', 1, 1, '2024-12-26 00:00:00', 0),
(100053, 1001, 60007, 70026, 510100, 10002, 80017, 3, 1, 8, 8, 950.00, '2025-01-26 00:00:00', '2025-02-01 00:00:00', '2025-02-28 23:59:59', 950.00, 950.00, 950.00, 0.00, 3, '2025-01-28 10:00:00', 1, 1, '2025-01-26 00:00:00', 0),
(100054, 1001, 60007, 70026, 510100, 10002, 80017, 3, 1, 9, 9, 950.00, '2025-02-26 00:00:00', '2025-03-01 00:00:00', '2025-03-31 23:59:59', 950.00, 950.00, 0.00, 950.00, 1, NULL, 1, 1, '2025-02-26 00:00:00', 0),
(100055, 1001, 60008, 70028, 510100, 10003, 80018, 3, 1, 5, 5, 1100.00, '2024-09-26 00:00:00', '2024-10-01 00:00:00', '2024-10-31 23:59:59', 1100.00, 1100.00, 1100.00, 0.00, 3, '2024-09-28 10:00:00', 1, 1, '2024-09-26 00:00:00', 0),
(100056, 1001, 60008, 70028, 510100, 10003, 80018, 3, 1, 6, 6, 1100.00, '2024-10-26 00:00:00', '2024-11-01 00:00:00', '2024-11-30 23:59:59', 1100.00, 1100.00, 1100.00, 0.00, 3, '2024-10-28 14:00:00', 1, 1, '2024-10-26 00:00:00', 0),
(100057, 1001, 60008, 70028, 510100, 10003, 80018, 3, 1, 7, 7, 1100.00, '2024-11-26 00:00:00', '2024-12-01 00:00:00', '2024-12-31 23:59:59', 1100.00, 1100.00, 1100.00, 0.00, 3, '2024-11-28 09:00:00', 1, 1, '2024-11-26 00:00:00', 0),
(100058, 1001, 60008, 70028, 510100, 10003, 80018, 3, 1, 8, 8, 1100.00, '2024-12-26 00:00:00', '2025-01-01 00:00:00', '2025-01-31 23:59:59', 1100.00, 1100.00, 600.00, 500.00, 2, '2025-01-05 10:00:00', 1, 1, '2024-12-26 00:00:00', 0),
(100059, 1001, 60008, 70028, 510100, 10003, 80018, 3, 1, 9, 9, 1100.00, '2025-01-26 00:00:00', '2025-02-01 00:00:00', '2025-02-28 23:59:59', 1100.00, 1100.00, 1100.00, 0.00, 3, '2025-01-28 10:00:00', 1, 1, '2025-01-26 00:00:00', 0),
(100060, 1001, 60008, 70028, 510100, 10003, 80018, 3, 1, 10, 10, 1100.00, '2025-02-26 00:00:00', '2025-03-01 00:00:00', '2025-03-31 23:59:59', 1100.00, 1100.00, 0.00, 1100.00, 1, NULL, 1, 1, '2025-02-26 00:00:00', 0),
(100061, 1001, 60001, 70001, 510100, 10001, 80001, 3, 1, 4, 4, 1200.00, '2024-11-26 00:00:00', '2024-12-01 00:00:00', '2025-02-28 23:59:59', 3600.00, 3600.00, 3600.00, 0.00, 3, '2024-11-28 10:00:00', 3, 1, '2024-11-26 00:00:00', 0),
(100062, 1001, 60001, 70002, 510100, 10001, 80002, 3, 1, 3, 3, 1000.00, '2024-08-26 00:00:00', '2024-09-01 00:00:00', '2024-11-30 23:59:59', 3000.00, 3000.00, 3000.00, 0.00, 3, '2024-08-28 14:00:00', 3, 1, '2024-08-26 00:00:00', 0),
(100063, 1001, 60001, 70002, 510100, 10001, 80002, 3, 1, 4, 4, 1000.00, '2024-11-26 00:00:00', '2024-12-01 00:00:00', '2025-02-28 23:59:59', 3000.00, 3000.00, 1500.00, 1500.00, 2, '2024-12-05 09:00:00', 3, 1, '2024-11-26 00:00:00', 0),
(100064, 1001, 60003, 70008, 510100, 10001, 80005, 3, 1, 3, 3, 1400.00, '2024-09-26 00:00:00', '2024-10-01 00:00:00', '2024-12-31 23:59:59', 4200.00, 4200.00, 4200.00, 0.00, 3, '2024-09-28 10:00:00', 3, 1, '2024-09-26 00:00:00', 0),
(100065, 1001, 60003, 70008, 510100, 10001, 80005, 3, 1, 4, 4, 1400.00, '2024-12-26 00:00:00', '2025-01-01 00:00:00', '2025-03-31 23:59:59', 4200.00, 4200.00, 4200.00, 0.00, 3, '2024-12-28 14:00:00', 3, 1, '2024-12-26 00:00:00', 0),
(100066, 1001, 60003, 70009, 510100, 10001, 80006, 3, 1, 3, 3, 1100.00, '2024-09-26 00:00:00', '2024-10-01 00:00:00', '2024-12-31 23:59:59', 3300.00, 3300.00, 3300.00, 0.00, 3, '2024-09-28 10:00:00', 3, 1, '2024-09-26 00:00:00', 0),
(100067, 1001, 60003, 70009, 510100, 10001, 80006, 3, 1, 4, 4, 1100.00, '2024-12-26 00:00:00', '2025-01-01 00:00:00', '2025-03-31 23:59:59', 3300.00, 3300.00, 3300.00, 0.00, 3, '2024-12-28 14:00:00', 3, 1, '2024-12-26 00:00:00', 0),
(100068, 1001, 60005, 70017, 510100, 10002, 80010, 3, 1, 3, 3, 1200.00, '2024-09-26 00:00:00', '2024-10-01 00:00:00', '2024-12-31 23:59:59', 3600.00, 3600.00, 3600.00, 0.00, 3, '2024-09-28 10:00:00', 3, 1, '2024-09-26 00:00:00', 0),
(100069, 1001, 60005, 70017, 510100, 10002, 80010, 3, 1, 4, 4, 1200.00, '2024-12-26 00:00:00', '2025-01-01 00:00:00', '2025-03-31 23:59:59', 3600.00, 3600.00, 3600.00, 0.00, 3, '2024-12-28 14:00:00', 3, 1, '2024-12-26 00:00:00', 0),
(100070, 1001, 60005, 70018, 510100, 10002, 80011, 3, 1, 3, 3, 1000.00, '2024-09-26 00:00:00', '2024-10-01 00:00:00', '2024-12-31 23:59:59', 3000.00, 3000.00, 3000.00, 0.00, 3, '2024-09-28 10:00:00', 3, 1, '2024-09-26 00:00:00', 0),
(100071, 1001, 60005, 70018, 510100, 10002, 80011, 3, 1, 4, 4, 1000.00, '2024-12-26 00:00:00', '2025-01-01 00:00:00', '2025-03-31 23:59:59', 3000.00, 3000.00, 0.00, 3000.00, 1, NULL, 3, 1, '2024-12-26 00:00:00', 0),
(100072, 1001, 60007, 70024, 510100, 10002, 80015, 3, 1, 3, 3, 1350.00, '2024-10-26 00:00:00', '2024-11-01 00:00:00', '2025-01-31 23:59:59', 4050.00, 4050.00, 4050.00, 0.00, 3, '2024-10-28 10:00:00', 3, 1, '2024-10-26 00:00:00', 0),
(100073, 1001, 60007, 70024, 510100, 10002, 80015, 3, 1, 4, 4, 1350.00, '2025-01-26 00:00:00', '2025-02-01 00:00:00', '2025-04-30 23:59:59', 4050.00, 4050.00, 4050.00, 0.00, 3, '2025-01-28 14:00:00', 3, 1, '2025-01-26 00:00:00', 0),
(100074, 1001, 60007, 70025, 510100, 10002, 80016, 3, 1, 3, 3, 1100.00, '2024-11-10 00:00:00', '2024-11-15 00:00:00', '2025-02-14 23:59:59', 3300.00, 3300.00, 3300.00, 0.00, 3, '2024-11-12 10:00:00', 3, 1, '2024-11-10 00:00:00', 0),
(100075, 1001, 60009, 70031, 510100, 10003, 80019, 3, 1, 2, 2, 1200.00, '2024-08-26 00:00:00', '2024-09-01 00:00:00', '2024-11-30 23:59:59', 3600.00, 3600.00, 3600.00, 0.00, 3, '2024-08-28 10:00:00', 3, 1, '2024-08-26 00:00:00', 0),
(100076, 1001, 60009, 70031, 510100, 10003, 80019, 3, 1, 3, 3, 1200.00, '2024-11-26 00:00:00', '2024-12-01 00:00:00', '2025-02-28 23:59:59', 3600.00, 3600.00, 3600.00, 0.00, 3, '2024-11-28 14:00:00', 3, 1, '2024-11-26 00:00:00', 0),
(100077, 1001, 60010, 70034, 510100, 10003, 80020, 3, 1, 2, 2, 1400.00, '2024-09-26 00:00:00', '2024-10-01 00:00:00', '2024-12-31 23:59:59', 4200.00, 4200.00, 4200.00, 0.00, 3, '2024-09-28 10:00:00', 3, 1, '2024-09-26 00:00:00', 0),
(100078, 1001, 60010, 70034, 510100, 10003, 80020, 3, 1, 3, 3, 1400.00, '2024-12-26 00:00:00', '2025-01-01 00:00:00', '2025-03-31 23:59:59', 4200.00, 4200.00, 2000.00, 2200.00, 2, '2025-01-10 09:00:00', 3, 1, '2024-12-26 00:00:00', 0);

INSERT IGNORE INTO `qft_whole_bill_expend` (`id`, `company_id`, `housing_id`, `city_id`, `store_id`, `payer_id`, `expend_type`, `expend_source`, `pay_count`, `log_index`, `free_rent_day`, `free_rent_money`, `free_rent_desc`, `housing_money`, `pay_date`, `pay_money`, `final_money`, `real_money`, `arrear_money`, `valid_start_time`, `valid_end_time`, `interval_year`, `interval_month`, `interval_day`, `is_check_out`, `pay_status`, `is_delete`, `creater_id`, `create_time`) VALUES
(100101, 1001, 30003, 510100, 10001, 30003, 1, 1, 7, 7, 0, 0, '无免租期', 2500.00, '2024-09-25 00:00:00', 2500.00, 2500.00, 2500.00, 0.00, '2024-09-01 00:00:00', '2024-09-30 23:59:59', 0, 1, 0, 2, 3, 0, 1, '2024-09-25 00:00:00'),
(100102, 1001, 30003, 510100, 10001, 30003, 1, 1, 8, 8, 0, 0, '无免租期', 2500.00, '2024-10-26 00:00:00', 2500.00, 2500.00, 2500.00, 0.00, '2024-10-01 00:00:00', '2024-10-31 23:59:59', 0, 1, 0, 2, 3, 0, 1, '2024-10-26 00:00:00'),
(100103, 1001, 30003, 510100, 10001, 30003, 1, 1, 9, 9, 0, 0, '无免租期', 2500.00, '2024-11-26 00:00:00', 2500.00, 2500.00, 2500.00, 0.00, '2024-11-01 00:00:00', '2024-11-30 23:59:59', 0, 1, 0, 2, 3, 0, 1, '2024-11-26 00:00:00'),
(100104, 1001, 30003, 510100, 10001, 30003, 1, 1, 10, 10, 0, 0, '无免租期', 2500.00, '2024-12-26 00:00:00', 2500.00, 2500.00, 2500.00, 0.00, '2024-12-01 00:00:00', '2024-12-31 23:59:59', 0, 1, 0, 2, 3, 0, 1, '2024-12-26 00:00:00'),
(100105, 1001, 30003, 510100, 10001, 30003, 1, 1, 11, 11, 0, 0, '无免租期', 2500.00, '2025-01-26 00:00:00', 2500.00, 2500.00, 2500.00, 0.00, '2025-01-01 00:00:00', '2025-01-31 23:59:59', 0, 1, 0, 2, 3, 0, 1, '2025-01-26 00:00:00'),
(100106, 1001, 30003, 510100, 10001, 30003, 1, 1, 12, 12, 0, 0, '无免租期', 2500.00, '2025-02-26 00:00:00', 2500.00, 2500.00, 0.00, 2500.00, '2025-02-01 00:00:00', '2025-02-28 23:59:59', 0, 1, 0, 2, 1, 0, 1, '2025-02-26 00:00:00'),
(100107, 1001, 30005, 510100, 10002, 30005, 1, 1, 6, 6, 0, 0, '无免租期', 2600.00, '2024-09-05 00:00:00', 2600.00, 2600.00, 2600.00, 0.00, '2024-09-10 00:00:00', '2024-10-09 23:59:59', 0, 1, 0, 2, 3, 0, 1, '2024-09-05 00:00:00'),
(100108, 1001, 30005, 510100, 10002, 30005, 1, 1, 7, 7, 0, 0, '无免租期', 2600.00, '2024-10-05 00:00:00', 2600.00, 2600.00, 2600.00, 0.00, '2024-10-10 00:00:00', '2024-11-09 23:59:59', 0, 1, 0, 2, 3, 0, 1, '2024-10-05 00:00:00'),
(100109, 1001, 30005, 510100, 10002, 30005, 1, 1, 8, 8, 0, 0, '无免租期', 2600.00, '2024-11-05 00:00:00', 2600.00, 2600.00, 2600.00, 0.00, '2024-11-10 00:00:00', '2024-12-09 23:59:59', 0, 1, 0, 2, 3, 0, 1, '2024-11-05 00:00:00'),
(100110, 1001, 30005, 510100, 10002, 30005, 1, 1, 9, 9, 0, 0, '无免租期', 2600.00, '2024-12-05 00:00:00', 2600.00, 2600.00, 1500.00, 1100.00, '2024-12-10 00:00:00', '2025-01-09 23:59:59', 0, 1, 0, 2, 2, 0, 1, '2024-12-05 00:00:00'),
(100111, 1001, 30005, 510100, 10002, 30005, 1, 1, 10, 10, 0, 0, '无免租期', 2600.00, '2025-01-05 00:00:00', 2600.00, 2600.00, 2600.00, 0.00, '2025-01-10 00:00:00', '2025-02-09 23:59:59', 0, 1, 0, 2, 3, 0, 1, '2025-01-05 00:00:00'),
(100112, 1001, 30005, 510100, 10002, 30005, 1, 1, 11, 11, 0, 0, '无免租期', 2600.00, '2025-02-05 00:00:00', 2600.00, 2600.00, 0.00, 2600.00, '2025-02-10 00:00:00', '2025-03-09 23:59:59', 0, 1, 0, 2, 1, 0, 1, '2025-02-05 00:00:00'),
(100113, 1001, 30007, 510100, 10002, 30007, 1, 1, 5, 5, 0, 0, '无免租期', 2900.00, '2024-09-21 00:00:00', 2900.00, 2900.00, 2900.00, 0.00, '2024-09-26 00:00:00', '2024-10-25 23:59:59', 0, 1, 0, 2, 3, 0, 1, '2024-09-21 00:00:00'),
(100114, 1001, 30007, 510100, 10002, 30007, 1, 1, 6, 6, 0, 0, '无免租期', 2900.00, '2024-10-21 00:00:00', 2900.00, 2900.00, 2900.00, 0.00, '2024-10-26 00:00:00', '2024-11-25 23:59:59', 0, 1, 0, 2, 3, 0, 1, '2024-10-21 00:00:00'),
(100115, 1001, 30007, 510100, 10002, 30007, 1, 1, 7, 7, 0, 0, '无免租期', 2900.00, '2024-11-21 00:00:00', 2900.00, 2900.00, 2900.00, 0.00, '2024-11-26 00:00:00', '2024-12-25 23:59:59', 0, 1, 0, 2, 3, 0, 1, '2024-11-21 00:00:00'),
(100116, 1001, 30007, 510100, 10002, 30007, 1, 1, 8, 8, 0, 0, '无免租期', 2900.00, '2024-12-21 00:00:00', 2900.00, 2900.00, 2900.00, 0.00, '2024-12-26 00:00:00', '2025-01-25 23:59:59', 0, 1, 0, 2, 3, 0, 1, '2024-12-21 00:00:00'),
(100117, 1001, 30007, 510100, 10002, 30007, 1, 1, 9, 9, 0, 0, '无免租期', 2900.00, '2025-01-21 00:00:00', 2900.00, 2900.00, 0.00, 2900.00, '2025-01-26 00:00:00', '2025-02-25 23:59:59', 0, 1, 0, 2, 1, 0, 1, '2025-01-21 00:00:00'),
(100118, 1001, 30007, 510100, 10002, 30007, 1, 1, 10, 10, 0, 0, '无免租期', 2900.00, '2025-02-21 00:00:00', 2900.00, 2900.00, 0.00, 2900.00, '2025-02-26 00:00:00', '2025-03-25 23:59:59', 0, 1, 0, 2, 1, 0, 1, '2025-02-21 00:00:00'),
(100119, 1001, 30009, 510100, 10003, 30009, 1, 1, 6, 6, 0, 0, '无免租期', 2400.00, '2024-09-21 00:00:00', 2400.00, 2400.00, 2400.00, 0.00, '2024-09-26 00:00:00', '2024-10-25 23:59:59', 0, 1, 0, 2, 3, 0, 1, '2024-09-21 00:00:00'),
(100120, 1001, 30009, 510100, 10003, 30009, 1, 1, 7, 7, 0, 0, '无免租期', 2400.00, '2024-10-21 00:00:00', 2400.00, 2400.00, 2400.00, 0.00, '2024-10-26 00:00:00', '2024-11-25 23:59:59', 0, 1, 0, 2, 3, 0, 1, '2024-10-21 00:00:00'),
(100121, 1001, 30009, 510100, 10003, 30009, 1, 1, 8, 8, 0, 0, '无免租期', 2400.00, '2024-11-21 00:00:00', 2400.00, 2400.00, 2400.00, 0.00, '2024-11-26 00:00:00', '2024-12-25 23:59:59', 0, 1, 0, 2, 3, 0, 1, '2024-11-21 00:00:00'),
(100122, 1001, 30009, 510100, 10003, 30009, 1, 1, 9, 9, 0, 0, '无免租期', 2400.00, '2024-12-21 00:00:00', 2400.00, 2400.00, 2400.00, 0.00, '2024-12-26 00:00:00', '2025-01-25 23:59:59', 0, 1, 0, 2, 3, 0, 1, '2024-12-21 00:00:00'),
(100123, 1001, 30009, 510100, 10003, 30009, 1, 1, 10, 10, 0, 0, '无免租期', 2400.00, '2025-01-21 00:00:00', 2400.00, 2400.00, 2400.00, 0.00, '2025-01-26 00:00:00', '2025-02-25 23:59:59', 0, 1, 0, 2, 3, 0, 1, '2025-01-21 00:00:00'),
(100124, 1001, 30009, 510100, 10003, 30009, 1, 1, 11, 11, 0, 0, '无免租期', 2400.00, '2025-02-21 00:00:00', 2400.00, 2400.00, 0.00, 2400.00, '2025-02-26 00:00:00', '2025-03-25 23:59:59', 0, 1, 0, 2, 1, 0, 1, '2025-02-21 00:00:00'),
(100125, 1001, 30001, 510100, 10001, 30001, 1, 1, 4, 4, 0, 0, '无免租期', 2800.00, '2024-10-26 00:00:00', 8400.00, 8400.00, 8400.00, 0.00, '2024-11-01 00:00:00', '2025-01-31 23:59:59', 0, 3, 0, 2, 3, 0, 1, '2024-10-26 00:00:00'),
(100126, 1001, 30001, 510100, 10001, 30001, 1, 1, 5, 5, 0, 0, '无免租期', 2800.00, '2025-01-26 00:00:00', 8400.00, 8400.00, 0.00, 8400.00, '2025-02-01 00:00:00', '2025-04-30 23:59:59', 0, 3, 0, 2, 1, 0, 1, '2025-01-26 00:00:00'),
(100127, 1001, 30002, 510100, 10001, 30002, 1, 1, 3, 3, 0, 0, '无免租期', 3200.00, '2024-08-26 00:00:00', 9600.00, 9600.00, 9600.00, 0.00, '2024-09-01 00:00:00', '2024-11-30 23:59:59', 0, 3, 0, 2, 3, 0, 1, '2024-08-26 00:00:00'),
(100128, 1001, 30002, 510100, 10001, 30002, 1, 1, 4, 4, 0, 0, '无免租期', 3200.00, '2024-11-26 00:00:00', 9600.00, 9600.00, 9600.00, 0.00, '2024-12-01 00:00:00', '2025-02-28 23:59:59', 0, 3, 0, 2, 3, 0, 1, '2024-11-26 00:00:00'),
(100129, 1001, 30004, 510100, 10001, 30004, 1, 1, 3, 3, 0, 0, '无免租期', 3800.00, '2024-09-21 00:00:00', 11400.00, 11400.00, 11400.00, 0.00, '2024-09-26 00:00:00', '2024-12-25 23:59:59', 0, 3, 0, 2, 3, 0, 1, '2024-09-21 00:00:00'),
(100130, 1001, 30004, 510100, 10001, 30004, 1, 1, 4, 4, 0, 0, '无免租期', 3800.00, '2024-12-21 00:00:00', 11400.00, 11400.00, 11400.00, 0.00, '2024-12-26 00:00:00', '2025-03-25 23:59:59', 0, 3, 0, 2, 3, 0, 1, '2024-12-21 00:00:00'),
(100131, 1001, 30006, 510100, 10002, 30006, 1, 1, 3, 3, 0, 0, '无免租期', 3500.00, '2024-09-21 00:00:00', 10500.00, 10500.00, 10500.00, 0.00, '2024-09-26 00:00:00', '2024-12-25 23:59:59', 0, 3, 0, 2, 3, 0, 1, '2024-09-21 00:00:00'),
(100132, 1001, 30006, 510100, 10002, 30006, 1, 1, 4, 4, 0, 0, '无免租期', 3500.00, '2024-12-21 00:00:00', 10500.00, 10500.00, 10500.00, 0.00, '2024-12-26 00:00:00', '2025-03-25 23:59:59', 0, 3, 0, 2, 3, 0, 1, '2024-12-21 00:00:00'),
(100133, 1001, 30008, 510100, 10002, 30008, 1, 1, 3, 3, 0, 0, '无免租期', 3600.00, '2024-10-21 00:00:00', 10800.00, 10800.00, 10800.00, 0.00, '2024-10-26 00:00:00', '2025-01-25 23:59:59', 0, 3, 0, 2, 3, 0, 1, '2024-10-21 00:00:00'),
(100134, 1001, 30008, 510100, 10002, 30008, 1, 1, 4, 4, 0, 0, '无免租期', 3600.00, '2025-01-21 00:00:00', 10800.00, 10800.00, 5000.00, 5800.00, '2025-01-26 00:00:00', '2025-04-25 23:59:59', 0, 3, 0, 2, 2, 0, 1, '2025-01-21 00:00:00'),
(100135, 1001, 30010, 510100, 10003, 30010, 1, 1, 3, 3, 0, 0, '无免租期', 4200.00, '2024-11-21 00:00:00', 12600.00, 12600.00, 12600.00, 0.00, '2024-11-26 00:00:00', '2025-02-25 23:59:59', 0, 3, 0, 2, 3, 0, 1, '2024-11-21 00:00:00');

INSERT IGNORE INTO `qft_focus_tenants_income` (`id`, `company_id`, `housing_id`, `room_id`, `city_id`, `store_id`, `tenants_id`, `contract_type`, `pay_count`, `log_index`, `house_money`, `collection_date`, `start_valid_date`, `end_valid_date`, `pay_money`, `final_money`, `real_money`, `debt_money`, `pay_status`, `repay_pay_date`, `interval_month`, `creater_id`, `create_time`, `is_delete`) VALUES
(100201, 1001, 50001, 51001, 510100, 10001, 52001, 1, 1, 1, 1500.00, '2024-09-25 00:00:00', '2024-09-01 00:00:00', '2024-09-30 23:59:59', 1500.00, 1500.00, 1500.00, 0.00, 3, '2024-09-27 10:00:00', 1, 1, '2024-09-25 00:00:00', 0),
(100202, 1001, 50001, 51001, 510100, 10001, 52001, 1, 2, 2, 1500.00, '2024-10-25 00:00:00', '2024-10-01 00:00:00', '2024-10-31 23:59:59', 1500.00, 1500.00, 1500.00, 0.00, 3, '2024-10-27 14:00:00', 1, 1, '2024-10-25 00:00:00', 0),
(100203, 1001, 50001, 51001, 510100, 10001, 52001, 1, 3, 3, 1500.00, '2024-11-25 00:00:00', '2024-11-01 00:00:00', '2024-11-30 23:59:59', 1500.00, 1500.00, 1500.00, 0.00, 3, '2024-11-27 09:00:00', 1, 1, '2024-11-25 00:00:00', 0),
(100204, 1001, 50001, 51001, 510100, 10001, 52001, 1, 4, 4, 1500.00, '2024-12-25 00:00:00', '2024-12-01 00:00:00', '2024-12-31 23:59:59', 1500.00, 1500.00, 1500.00, 0.00, 3, '2024-12-27 11:00:00', 1, 1, '2024-12-25 00:00:00', 0),
(100205, 1001, 50001, 51001, 510100, 10001, 52001, 1, 5, 5, 1500.00, '2025-01-25 00:00:00', '2025-01-01 00:00:00', '2025-01-31 23:59:59', 1500.00, 1500.00, 1500.00, 0.00, 3, '2025-01-27 10:00:00', 1, 1, '2025-01-25 00:00:00', 0),
(100206, 1001, 50001, 51001, 510100, 10001, 52001, 1, 6, 6, 1500.00, '2025-02-25 00:00:00', '2025-02-01 00:00:00', '2025-02-28 23:59:59', 1500.00, 1500.00, 0.00, 1500.00, 1, NULL, 1, 1, '2025-02-25 00:00:00', 0),
(100207, 1001, 50001, 51002, 510100, 10001, 52002, 1, 1, 1, 1300.00, '2024-09-25 00:00:00', '2024-09-01 00:00:00', '2024-09-30 23:59:59', 1300.00, 1300.00, 1300.00, 0.00, 3, '2024-09-28 10:00:00', 1, 1, '2024-09-25 00:00:00', 0),
(100208, 1001, 50001, 51002, 510100, 10001, 52002, 1, 2, 2, 1300.00, '2024-10-25 00:00:00', '2024-10-01 00:00:00', '2024-10-31 23:59:59', 1300.00, 1300.00, 1300.00, 0.00, 3, '2024-10-28 14:00:00', 1, 1, '2024-10-25 00:00:00', 0),
(100209, 1001, 50001, 51002, 510100, 10001, 52002, 1, 3, 3, 1300.00, '2024-11-25 00:00:00', '2024-11-01 00:00:00', '2024-11-30 23:59:59', 1300.00, 1300.00, 800.00, 500.00, 2, '2024-12-01 09:00:00', 1, 1, '2024-11-25 00:00:00', 0),
(100210, 1001, 50001, 51002, 510100, 10001, 52002, 1, 4, 4, 1300.00, '2024-12-25 00:00:00', '2024-12-01 00:00:00', '2024-12-31 23:59:59', 1300.00, 1300.00, 1300.00, 0.00, 3, '2024-12-28 11:00:00', 1, 1, '2024-12-25 00:00:00', 0),
(100211, 1001, 50001, 51002, 510100, 10001, 52002, 1, 5, 5, 1300.00, '2025-01-25 00:00:00', '2025-01-01 00:00:00', '2025-01-31 23:59:59', 1300.00, 1300.00, 1300.00, 0.00, 3, '2025-01-28 10:00:00', 1, 1, '2025-01-25 00:00:00', 0),
(100212, 1001, 50001, 51002, 510100, 10001, 52002, 1, 6, 6, 1300.00, '2025-02-25 00:00:00', '2025-02-01 00:00:00', '2025-02-28 23:59:59', 1300.00, 1300.00, 0.00, 1300.00, 1, NULL, 1, 1, '2025-02-25 00:00:00', 0),
(100213, 1001, 50001, 51003, 510100, 10001, 52003, 1, 1, 1, 1600.00, '2024-09-25 00:00:00', '2024-09-01 00:00:00', '2024-09-30 23:59:59', 1600.00, 1600.00, 1600.00, 0.00, 3, '2024-09-27 10:00:00', 1, 1, '2024-09-25 00:00:00', 0),
(100214, 1001, 50001, 51003, 510100, 10001, 52003, 1, 2, 2, 1600.00, '2024-10-25 00:00:00', '2024-10-01 00:00:00', '2024-10-31 23:59:59', 1600.00, 1600.00, 1600.00, 0.00, 3, '2024-10-27 14:00:00', 1, 1, '2024-10-25 00:00:00', 0),
(100215, 1001, 50001, 51003, 510100, 10001, 52003, 1, 3, 3, 1600.00, '2024-11-25 00:00:00', '2024-11-01 00:00:00', '2024-11-30 23:59:59', 1600.00, 1600.00, 1600.00, 0.00, 3, '2024-11-27 09:00:00', 1, 1, '2024-11-25 00:00:00', 0),
(100216, 1001, 50001, 51003, 510100, 10001, 52003, 1, 4, 4, 1600.00, '2024-12-25 00:00:00', '2024-12-01 00:00:00', '2024-12-31 23:59:59', 1600.00, 1600.00, 1600.00, 0.00, 3, '2024-12-28 11:00:00', 1, 1, '2024-12-25 00:00:00', 0),
(100217, 1001, 50001, 51003, 510100, 10001, 52003, 1, 5, 5, 1600.00, '2025-01-25 00:00:00', '2025-01-01 00:00:00', '2025-01-31 23:59:59', 1600.00, 1600.00, 1600.00, 0.00, 3, '2025-01-27 10:00:00', 1, 1, '2025-01-25 00:00:00', 0),
(100218, 1001, 50001, 51003, 510100, 10001, 52003, 1, 6, 6, 1600.00, '2025-02-25 00:00:00', '2025-02-01 00:00:00', '2025-02-28 23:59:59', 1600.00, 1600.00, 1600.00, 0.00, 3, '2025-02-27 14:00:00', 1, 1, '2025-02-25 00:00:00', 0),
(100219, 1001, 50002, 51005, 510100, 10002, 52004, 1, 1, 1, 1800.00, '2024-09-25 00:00:00', '2024-09-01 00:00:00', '2024-09-30 23:59:59', 1800.00, 1800.00, 1800.00, 0.00, 3, '2024-09-27 10:00:00', 1, 1, '2024-09-25 00:00:00', 0),
(100220, 1001, 50002, 51005, 510100, 10002, 52004, 1, 2, 2, 1800.00, '2024-10-25 00:00:00', '2024-10-01 00:00:00', '2024-10-31 23:59:59', 1800.00, 1800.00, 1800.00, 0.00, 3, '2024-10-27 14:00:00', 1, 1, '2024-10-25 00:00:00', 0),
(100221, 1001, 50002, 51005, 510100, 10002, 52004, 1, 3, 3, 1800.00, '2024-11-25 00:00:00', '2024-11-01 00:00:00', '2024-11-30 23:59:59', 1800.00, 1800.00, 1800.00, 0.00, 3, '2024-11-28 09:00:00', 1, 1, '2024-11-25 00:00:00', 0),
(100222, 1001, 50002, 51005, 510100, 10002, 52004, 1, 4, 4, 1800.00, '2024-12-25 00:00:00', '2024-12-01 00:00:00', '2024-12-31 23:59:59', 1800.00, 1800.00, 1000.00, 800.00, 2, '2025-01-02 10:00:00', 1, 1, '2024-12-25 00:00:00', 0),
(100223, 1001, 50002, 51005, 510100, 10002, 52004, 1, 5, 5, 1800.00, '2025-01-25 00:00:00', '2025-01-01 00:00:00', '2025-01-31 23:59:59', 1800.00, 1800.00, 0.00, 1800.00, 1, NULL, 1, 1, '2025-01-25 00:00:00', 0),
(100224, 1001, 50002, 51005, 510100, 10002, 52004, 1, 6, 6, 1800.00, '2025-02-25 00:00:00', '2025-02-01 00:00:00', '2025-02-28 23:59:59', 1800.00, 1800.00, 0.00, 1800.00, 1, NULL, 1, 1, '2025-02-25 00:00:00', 0),
(100225, 1001, 50003, 51009, 510100, 10003, 52005, 1, 1, 1, 1600.00, '2024-09-25 00:00:00', '2024-09-01 00:00:00', '2024-09-30 23:59:59', 1600.00, 1600.00, 1600.00, 0.00, 3, '2024-09-27 10:00:00', 1, 1, '2024-09-25 00:00:00', 0),
(100226, 1001, 50003, 51009, 510100, 10003, 52005, 1, 2, 2, 1600.00, '2024-10-25 00:00:00', '2024-10-01 00:00:00', '2024-10-31 23:59:59', 1600.00, 1600.00, 1600.00, 0.00, 3, '2024-10-28 14:00:00', 1, 1, '2024-10-25 00:00:00', 0),
(100227, 1001, 50003, 51009, 510100, 10003, 52005, 1, 3, 3, 1600.00, '2024-11-25 00:00:00', '2024-11-01 00:00:00', '2024-11-30 23:59:59', 1600.00, 1600.00, 1600.00, 0.00, 3, '2024-11-27 09:00:00', 1, 1, '2024-11-25 00:00:00', 0),
(100228, 1001, 50003, 51009, 510100, 10003, 52005, 1, 4, 4, 1600.00, '2024-12-25 00:00:00', '2024-12-01 00:00:00', '2024-12-31 23:59:59', 1600.00, 1600.00, 1600.00, 0.00, 3, '2024-12-28 11:00:00', 1, 1, '2024-12-25 00:00:00', 0),
(100229, 1001, 50003, 51009, 510100, 10003, 52005, 1, 5, 5, 1600.00, '2025-01-25 00:00:00', '2025-01-01 00:00:00', '2025-01-31 23:59:59', 1600.00, 1600.00, 1600.00, 0.00, 3, '2025-01-27 10:00:00', 1, 1, '2025-01-25 00:00:00', 0),
(100230, 1001, 50003, 51009, 510100, 10003, 52005, 1, 6, 6, 1600.00, '2025-02-25 00:00:00', '2025-02-01 00:00:00', '2025-02-28 23:59:59', 1600.00, 1600.00, 1600.00, 0.00, 3, '2025-02-27 14:00:00', 1, 1, '2025-02-25 00:00:00', 0);

INSERT IGNORE INTO `qft_finance` (`id`, `store_id`, `housing_id`, `serial_number`, `nature`, `type`, `method`, `classify`, `cause`, `account_date`, `money`, `audit`, `review`, `cashier`, `company_id`, `is_delete`, `creater_id`, `create_time`, `city_id`, `creater_type`, `final_audit`, `source_type`) VALUES
(100301, 10001, 30001, 'FIN202409010001', 1, 1, 1, 1, 1, '2024-09-01 00:00:00', 3200.00, 1, 1, 1, 1001, 0, 1, '2024-09-01 10:00:00', 510100, 1, 1, 2),
(100302, 10001, 30002, 'FIN202409010002', 1, 1, 1, 1, 1, '2024-09-01 00:00:00', 3800.00, 1, 1, 1, 1001, 0, 1, '2024-09-01 10:30:00', 510100, 1, 1, 2),
(100303, 10001, 30003, 'FIN202409010003', 1, 1, 1, 1, 1, '2024-09-01 00:00:00', 2800.00, 1, 1, 1, 1001, 0, 1, '2024-09-01 11:00:00', 510100, 1, 1, 2),
(100304, 10001, 30004, 'FIN202409010004', 1, 1, 1, 1, 1, '2024-09-01 00:00:00', 4500.00, 1, 1, 1, 1001, 0, 1, '2024-09-01 11:30:00', 510100, 1, 1, 2),
(100305, 10002, 30005, 'FIN202409050001', 1, 1, 1, 1, 1, '2024-09-05 00:00:00', 3000.00, 1, 1, 1, 1001, 0, 1, '2024-09-05 10:00:00', 510100, 1, 1, 2),
(100306, 10002, 30006, 'FIN202409050002', 1, 1, 1, 1, 1, '2024-09-05 00:00:00', 4200.00, 1, 1, 1, 1001, 0, 1, '2024-09-05 10:30:00', 510100, 1, 1, 2),
(100307, 10002, 30007, 'FIN202409100001', 1, 1, 1, 1, 1, '2024-09-10 00:00:00', 3500.00, 1, 1, 1, 1001, 0, 1, '2024-09-10 10:00:00', 510100, 1, 1, 2),
(100308, 10002, 30008, 'FIN202409100002', 1, 1, 1, 1, 1, '2024-09-10 00:00:00', 4300.00, 1, 1, 1, 1001, 0, 1, '2024-09-10 10:30:00', 510100, 1, 1, 2),
(100309, 10003, 30009, 'FIN202409150001', 1, 1, 1, 1, 1, '2024-09-15 00:00:00', 2700.00, 1, 1, 1, 1001, 0, 1, '2024-09-15 10:00:00', 510100, 1, 1, 2),
(100310, 10003, 30010, 'FIN202409150002', 1, 1, 1, 1, 1, '2024-09-15 00:00:00', 5000.00, 1, 1, 1, 1001, 0, 1, '2024-09-15 10:30:00', 510100, 1, 1, 2),
(100311, 10001, 30001, 'FIN202409010011', 0, 2, 1, 2, 2, '2024-09-01 00:00:00', 2800.00, 1, 1, 1, 1001, 0, 1, '2024-09-01 14:00:00', 510100, 1, 1, 3),
(100312, 10001, 30002, 'FIN202409010012', 0, 2, 1, 2, 2, '2024-09-01 00:00:00', 3200.00, 1, 1, 1, 1001, 0, 1, '2024-09-01 14:30:00', 510100, 1, 1, 3),
(100313, 10001, NULL, 'FIN202409050011', 0, 3, 1, 3, 3, '2024-09-05 00:00:00', 1500.00, 1, 1, 1, 1001, 0, 1, '2024-09-05 15:00:00', 510100, 1, 1, NULL),
(100314, 10002, NULL, 'FIN202409100011', 0, 3, 1, 3, 3, '2024-09-10 00:00:00', 800.00, 1, 1, 1, 1001, 0, 1, '2024-09-10 15:00:00', 510100, 1, 1, NULL),
(100315, 10003, NULL, 'FIN202409150011', 0, 3, 1, 3, 3, '2024-09-15 00:00:00', 600.00, 1, 1, 1, 1001, 0, 1, '2024-09-15 15:00:00', 510100, 1, 1, NULL),
(100316, 10001, NULL, 'FIN202409120001', 1, 1, 1, 1, 1, '2024-09-12 00:00:00', 1300.00, 1, 1, 1, 1001, 0, 1, '2024-09-12 10:00:00', 510100, 1, 1, 2),
(100317, 10001, NULL, 'FIN202409120002', 1, 1, 1, 1, 1, '2024-09-12 00:00:00', 1250.00, 1, 1, 1, 1001, 0, 1, '2024-09-12 10:30:00', 510100, 1, 1, 2),
(100318, 10002, NULL, 'FIN202409280001', 1, 1, 1, 1, 1, '2024-09-28 00:00:00', 1200.00, 1, 1, 1, 1001, 0, 1, '2024-09-28 10:00:00', 510100, 1, 1, 2),
(100319, 10002, NULL, 'FIN202409280002', 1, 1, 1, 1, 1, '2024-09-28 00:00:00', 950.00, 1, 1, 1, 1001, 0, 1, '2024-09-28 10:30:00', 510100, 1, 1, 2),
(100320, 10003, NULL, 'FIN202409280003', 1, 1, 1, 1, 1, '2024-09-28 00:00:00', 1100.00, 1, 1, 1, 1001, 0, 1, '2024-09-28 11:00:00', 510100, 1, 1, 2),
(100321, 10001, 30001, 'FIN202410010001', 1, 1, 1, 1, 1, '2024-10-01 00:00:00', 3200.00, 1, 1, 1, 1001, 0, 1, '2024-10-01 10:00:00', 510100, 1, 1, 2),
(100322, 10001, 30002, 'FIN202410010002', 1, 1, 1, 1, 1, '2024-10-01 00:00:00', 3800.00, 1, 1, 1, 1001, 0, 1, '2024-10-01 10:30:00', 510100, 1, 1, 2),
(100323, 10001, 30003, 'FIN202410010003', 1, 1, 1, 1, 1, '2024-10-01 00:00:00', 2800.00, 1, 1, 1, 1001, 0, 1, '2024-10-01 11:00:00', 510100, 1, 1, 2),
(100324, 10001, 30004, 'FIN202410010004', 1, 1, 1, 1, 1, '2024-10-01 00:00:00', 4500.00, 1, 1, 1, 1001, 0, 1, '2024-10-01 11:30:00', 510100, 1, 1, 2),
(100325, 10002, 30005, 'FIN202410050001', 1, 1, 1, 1, 1, '2024-10-05 00:00:00', 3000.00, 1, 1, 1, 1001, 0, 1, '2024-10-05 10:00:00', 510100, 1, 1, 2),
(100326, 10002, 30006, 'FIN202410050002', 1, 1, 1, 1, 1, '2024-10-05 00:00:00', 4200.00, 1, 1, 1, 1001, 0, 1, '2024-10-05 10:30:00', 510100, 1, 1, 2),
(100327, 10002, 30007, 'FIN202410100001', 1, 1, 1, 1, 1, '2024-10-10 00:00:00', 3500.00, 1, 1, 1, 1001, 0, 1, '2024-10-10 10:00:00', 510100, 1, 1, 2),
(100328, 10002, 30008, 'FIN202410100002', 1, 1, 1, 1, 1, '2024-10-10 00:00:00', 4300.00, 1, 1, 1, 1001, 0, 1, '2024-10-10 10:30:00', 510100, 1, 1, 2),
(100329, 10003, 30009, 'FIN202410150001', 1, 1, 1, 1, 1, '2024-10-15 00:00:00', 2700.00, 1, 1, 1, 1001, 0, 1, '2024-10-15 10:00:00', 510100, 1, 1, 2),
(100330, 10003, 30010, 'FIN202410150002', 1, 1, 1, 1, 1, '2024-10-15 00:00:00', 5000.00, 1, 1, 1, 1001, 0, 1, '2024-10-15 10:30:00', 510100, 1, 1, 2),
(100331, 10001, 30001, 'FIN202410010011', 0, 2, 1, 2, 2, '2024-10-01 00:00:00', 2800.00, 1, 1, 1, 1001, 0, 1, '2024-10-01 14:00:00', 510100, 1, 1, 3),
(100332, 10001, 30002, 'FIN202410010012', 0, 2, 1, 2, 2, '2024-10-01 00:00:00', 3200.00, 1, 1, 1, 1001, 0, 1, '2024-10-01 14:30:00', 510100, 1, 1, 3),
(100333, 10001, NULL, 'FIN202410050011', 0, 3, 1, 3, 3, '2024-10-05 00:00:00', 2200.00, 1, 1, 1, 1001, 0, 1, '2024-10-05 15:00:00', 510100, 1, 1, NULL),
(100334, 10002, NULL, 'FIN202410100011', 0, 3, 1, 3, 4, '2024-10-10 00:00:00', 450.00, 1, 1, 1, 1001, 0, 1, '2024-10-10 15:00:00', 510100, 1, 1, NULL),
(100335, 10003, NULL, 'FIN202410150011', 0, 3, 1, 3, 3, '2024-10-15 00:00:00', 900.00, 1, 1, 1, 1001, 0, 1, '2024-10-15 15:00:00', 510100, 1, 1, NULL),
(100336, 10001, NULL, 'FIN202410130001', 1, 1, 1, 1, 1, '2024-10-13 00:00:00', 1250.00, 1, 1, 1, 1001, 0, 1, '2024-10-13 10:00:00', 510100, 1, 1, 2),
(100337, 10001, NULL, 'FIN202410110001', 1, 1, 1, 1, 1, '2024-10-11 00:00:00', 1300.00, 1, 1, 1, 1001, 0, 1, '2024-10-11 10:00:00', 510100, 1, 1, 2),
(100338, 10002, NULL, 'FIN202410280001', 1, 1, 1, 1, 1, '2024-10-28 00:00:00', 1250.00, 1, 1, 1, 1001, 0, 1, '2024-10-28 10:00:00', 510100, 1, 1, 2),
(100339, 10002, NULL, 'FIN202410280002', 1, 1, 1, 1, 1, '2024-10-28 00:00:00', 1000.00, 1, 1, 1, 1001, 0, 1, '2024-10-28 10:30:00', 510100, 1, 1, 2),
(100340, 10003, NULL, 'FIN202410280003', 1, 1, 1, 1, 1, '2024-10-28 00:00:00', 1100.00, 1, 1, 1, 1001, 0, 1, '2024-10-28 11:00:00', 510100, 1, 1, 2),
(100341, 10001, 30001, 'FIN202411010001', 1, 1, 1, 1, 1, '2024-11-01 00:00:00', 3200.00, 1, 1, 1, 1001, 0, 1, '2024-11-01 10:00:00', 510100, 1, 1, 2),
(100342, 10001, 30002, 'FIN202411010002', 1, 1, 1, 1, 1, '2024-11-01 00:00:00', 3800.00, 1, 1, 1, 1001, 0, 1, '2024-11-01 10:30:00', 510100, 1, 1, 2),
(100343, 10001, 30003, 'FIN202411010003', 1, 1, 1, 1, 1, '2024-11-01 00:00:00', 2800.00, 1, 1, 1, 1001, 0, 1, '2024-11-01 11:00:00', 510100, 1, 1, 2),
(100344, 10001, 30004, 'FIN202411010004', 1, 1, 1, 1, 1, '2024-11-01 00:00:00', 4500.00, 1, 1, 1, 1001, 0, 1, '2024-11-01 11:30:00', 510100, 1, 1, 2),
(100345, 10002, 30005, 'FIN202411050001', 1, 1, 1, 1, 1, '2024-11-05 00:00:00', 3000.00, 1, 1, 1, 1001, 0, 1, '2024-11-05 10:00:00', 510100, 1, 1, 2),
(100346, 10002, 30006, 'FIN202411050002', 1, 1, 1, 1, 1, '2024-11-05 00:00:00', 4200.00, 1, 1, 1, 1001, 0, 1, '2024-11-05 10:30:00', 510100, 1, 1, 2),
(100347, 10002, 30007, 'FIN202411100001', 1, 1, 1, 1, 1, '2024-11-10 00:00:00', 3500.00, 1, 1, 1, 1001, 0, 1, '2024-11-10 10:00:00', 510100, 1, 1, 2),
(100348, 10002, 30008, 'FIN202411100002', 1, 1, 1, 1, 1, '2024-11-10 00:00:00', 4300.00, 1, 1, 1, 1001, 0, 1, '2024-11-10 10:30:00', 510100, 1, 1, 2),
(100349, 10003, 30009, 'FIN202411150001', 1, 1, 1, 1, 1, '2024-11-15 00:00:00', 2700.00, 1, 1, 1, 1001, 0, 1, '2024-11-15 10:00:00', 510100, 1, 1, 2),
(100350, 10003, 30010, 'FIN202411150002', 1, 1, 1, 1, 1, '2024-11-15 00:00:00', 5000.00, 1, 1, 1, 1001, 0, 1, '2024-11-15 10:30:00', 510100, 1, 1, 2),
(100351, 10001, NULL, 'FIN202411050011', 0, 3, 1, 3, 3, '2024-11-05 00:00:00', 3500.00, 1, 1, 1, 1001, 0, 1, '2024-11-05 15:00:00', 510100, 1, 1, NULL),
(100352, 10002, NULL, 'FIN202411100011', 0, 3, 1, 3, 4, '2024-11-10 00:00:00', 1200.00, 1, 1, 1, 1001, 0, 1, '2024-11-10 15:00:00', 510100, 1, 1, NULL),
(100353, 10003, NULL, 'FIN202411200001', 0, 3, 1, 3, 3, '2024-11-20 00:00:00', 750.00, 1, 1, 1, 1001, 0, 1, '2024-11-20 15:00:00', 510100, 1, 1, NULL),
(100354, 10001, NULL, 'FIN202411120001', 1, 1, 1, 1, 1, '2024-11-12 00:00:00', 1250.00, 1, 1, 1, 1001, 0, 1, '2024-11-12 10:00:00', 510100, 1, 1, 2),
(100355, 10001, NULL, 'FIN202411130001', 1, 1, 1, 1, 1, '2024-11-13 00:00:00', 1300.00, 1, 1, 1, 1001, 0, 1, '2024-11-13 10:00:00', 510100, 1, 1, 2),
(100356, 10001, 30001, 'FIN202412010001', 1, 1, 1, 1, 1, '2024-12-01 00:00:00', 3200.00, 1, 1, 1, 1001, 0, 1, '2024-12-01 10:00:00', 510100, 1, 1, 2),
(100357, 10001, 30002, 'FIN202412010002', 1, 1, 1, 1, 1, '2024-12-01 00:00:00', 3800.00, 1, 1, 1, 1001, 0, 1, '2024-12-01 10:30:00', 510100, 1, 1, 2),
(100358, 10001, 30003, 'FIN202412010003', 1, 1, 1, 1, 1, '2024-12-01 00:00:00', 2800.00, 1, 1, 1, 1001, 0, 1, '2024-12-01 11:00:00', 510100, 1, 1, 2),
(100359, 10001, 30004, 'FIN202412010004', 1, 1, 1, 1, 1, '2024-12-01 00:00:00', 4500.00, 1, 1, 1, 1001, 0, 1, '2024-12-01 11:30:00', 510100, 1, 1, 2),
(100360, 10002, 30005, 'FIN202412050001', 1, 1, 1, 1, 1, '2024-12-05 00:00:00', 3000.00, 1, 1, 1, 1001, 0, 1, '2024-12-05 10:00:00', 510100, 1, 1, 2),
(100361, 10002, 30006, 'FIN202412050002', 1, 1, 1, 1, 1, '2024-12-05 00:00:00', 4200.00, 1, 1, 1, 1001, 0, 1, '2024-12-05 10:30:00', 510100, 1, 1, 2),
(100362, 10002, 30007, 'FIN202412100001', 1, 1, 1, 1, 1, '2024-12-10 00:00:00', 3500.00, 1, 1, 1, 1001, 0, 1, '2024-12-10 10:00:00', 510100, 1, 1, 2),
(100363, 10002, 30008, 'FIN202412100002', 1, 1, 1, 1, 1, '2024-12-10 00:00:00', 4300.00, 1, 1, 1, 1001, 0, 1, '2024-12-10 10:30:00', 510100, 1, 1, 2),
(100364, 10003, 30009, 'FIN202412150001', 1, 1, 1, 1, 1, '2024-12-15 00:00:00', 2700.00, 1, 1, 1, 1001, 0, 1, '2024-12-15 10:00:00', 510100, 1, 1, 2),
(100365, 10003, 30010, 'FIN202412150002', 1, 1, 1, 1, 1, '2024-12-15 00:00:00', 5000.00, 1, 1, 1, 1001, 0, 1, '2024-12-15 10:30:00', 510100, 1, 1, 2),
(100366, 10001, NULL, 'FIN202412050011', 0, 3, 1, 3, 3, '2024-12-05 00:00:00', 1800.00, 1, 1, 1, 1001, 0, 1, '2024-12-05 15:00:00', 510100, 1, 1, NULL),
(100367, 10002, NULL, 'FIN202412100011', 0, 3, 1, 3, 4, '2024-12-10 00:00:00', 650.00, 1, 1, 1, 1001, 0, 1, '2024-12-10 15:00:00', 510100, 1, 1, NULL),
(100368, 10003, NULL, 'FIN202412200001', 0, 3, 1, 3, 3, '2024-12-20 00:00:00', 500.00, 1, 1, 1, 1001, 0, 1, '2024-12-20 15:00:00', 510100, 1, 1, NULL),
(100369, 10001, 30001, 'FIN202501010001', 1, 1, 1, 1, 1, '2025-01-01 00:00:00', 3200.00, 1, 1, 1, 1001, 0, 1, '2025-01-01 10:00:00', 510100, 1, 1, 2),
(100370, 10001, 30002, 'FIN202501010002', 1, 1, 1, 1, 1, '2025-01-01 00:00:00', 3800.00, 1, 1, 1, 1001, 0, 1, '2025-01-01 10:30:00', 510100, 1, 1, 2),
(100371, 10001, 30003, 'FIN202501010003', 1, 1, 1, 1, 1, '2025-01-01 00:00:00', 2800.00, 1, 1, 1, 1001, 0, 1, '2025-01-01 11:00:00', 510100, 1, 1, 2),
(100372, 10001, 30004, 'FIN202501010004', 1, 1, 1, 1, 1, '2025-01-01 00:00:00', 4500.00, 1, 1, 1, 1001, 0, 1, '2025-01-01 11:30:00', 510100, 1, 1, 2),
(100373, 10002, 30005, 'FIN202501050001', 1, 1, 1, 1, 1, '2025-01-05 00:00:00', 3000.00, 1, 1, 1, 1001, 0, 1, '2025-01-05 10:00:00', 510100, 1, 1, 2),
(100374, 10002, 30006, 'FIN202501050002', 1, 1, 1, 1, 1, '2025-01-05 00:00:00', 4200.00, 1, 1, 1, 1001, 0, 1, '2025-01-05 10:30:00', 510100, 1, 1, 2),
(100375, 10002, 30007, 'FIN202501100001', 1, 1, 1, 1, 1, '2025-01-10 00:00:00', 3500.00, 1, 1, 1, 1001, 0, 1, '2025-01-10 10:00:00', 510100, 1, 1, 2),
(100376, 10002, 30008, 'FIN202501100002', 1, 1, 1, 1, 1, '2025-01-10 00:00:00', 4300.00, 1, 1, 1, 1001, 0, 1, '2025-01-10 10:30:00', 510100, 1, 1, 2),
(100377, 10003, 30009, 'FIN202501150001', 1, 1, 1, 1, 1, '2025-01-15 00:00:00', 2700.00, 1, 1, 1, 1001, 0, 1, '2025-01-15 10:00:00', 510100, 1, 1, 2),
(100378, 10003, 30010, 'FIN202501150002', 1, 1, 1, 1, 1, '2025-01-15 00:00:00', 5000.00, 1, 1, 1, 1001, 0, 1, '2025-01-15 10:30:00', 510100, 1, 1, 2),
(100379, 10001, NULL, 'FIN202501050011', 0, 3, 1, 3, 3, '2025-01-05 00:00:00', 2500.00, 1, 1, 1, 1001, 0, 1, '2025-01-05 15:00:00', 510100, 1, 1, NULL),
(100380, 10002, NULL, 'FIN202501100011', 0, 3, 1, 3, 4, '2025-01-10 00:00:00', 350.00, 1, 1, 1, 1001, 0, 1, '2025-01-10 15:00:00', 510100, 1, 1, NULL),
(100381, 10001, 30001, 'FIN202502010001', 1, 1, 1, 1, 1, '2025-02-01 00:00:00', 3200.00, 1, 1, 1, 1001, 0, 1, '2025-02-01 10:00:00', 510100, 1, 1, 2),
(100382, 10001, 30002, 'FIN202502010002', 1, 1, 1, 1, 1, '2025-02-01 00:00:00', 3800.00, 1, 1, 1, 1001, 0, 1, '2025-02-01 10:30:00', 510100, 1, 1, 2),
(100383, 10001, 30003, 'FIN202502010003', 1, 1, 1, 1, 1, '2025-02-01 00:00:00', 2800.00, 1, 1, 1, 1001, 0, 1, '2025-02-01 11:00:00', 510100, 1, 1, 2),
(100384, 10001, 30004, 'FIN202502010004', 1, 1, 1, 1, 1, '2025-02-01 00:00:00', 4500.00, 1, 1, 1, 1001, 0, 1, '2025-02-01 11:30:00', 510100, 1, 1, 2),
(100385, 10002, 30005, 'FIN202502050001', 1, 1, 1, 1, 1, '2025-02-05 00:00:00', 3000.00, 1, 1, 1, 1001, 0, 1, '2025-02-05 10:00:00', 510100, 1, 1, 2),
(100386, 10002, 30006, 'FIN202502050002', 1, 1, 1, 1, 1, '2025-02-05 00:00:00', 4200.00, 1, 1, 1, 1001, 0, 1, '2025-02-05 10:30:00', 510100, 1, 1, 2),
(100387, 10002, 30007, 'FIN202502100001', 1, 1, 1, 1, 1, '2025-02-10 00:00:00', 3500.00, 1, 1, 1, 1001, 0, 1, '2025-02-10 10:00:00', 510100, 1, 1, 2),
(100388, 10002, 30008, 'FIN202502100002', 1, 1, 1, 1, 1, '2025-02-10 00:00:00', 4300.00, 1, 1, 1, 1001, 0, 1, '2025-02-10 10:30:00', 510100, 1, 1, 2),
(100389, 10003, 30009, 'FIN202502150001', 1, 1, 1, 1, 1, '2025-02-15 00:00:00', 2700.00, 1, 1, 1, 1001, 0, 1, '2025-02-15 10:00:00', 510100, 1, 1, 2),
(100390, 10003, 30010, 'FIN202502150002', 1, 1, 1, 1, 1, '2025-02-15 00:00:00', 5000.00, 1, 1, 1, 1001, 0, 1, '2025-02-15 10:30:00', 510100, 1, 1, 2),
(100391, 10001, NULL, 'FIN202502050011', 0, 3, 1, 3, 3, '2025-02-05 00:00:00', 1300.00, 1, 1, 1, 1001, 0, 1, '2025-02-05 15:00:00', 510100, 1, 1, NULL),
(100392, 10002, NULL, 'FIN202502100011', 0, 3, 1, 3, 4, '2025-02-10 00:00:00', 780.00, 1, 1, 1, 1001, 0, 1, '2025-02-10 15:00:00', 510100, 1, 1, NULL),
(100393, 10003, NULL, 'FIN202502200001', 0, 3, 1, 3, 3, '2025-02-20 00:00:00', 600.00, 0, 0, 0, 1001, 0, 1, '2025-02-20 15:00:00', 510100, 1, 0, NULL);

INSERT IGNORE INTO `qft_bill` (`id`, `bill_code`, `company_id`, `city_id`, `store_id`, `sale_type`, `house_id`, `room_id`, `trade_type`, `source_type`, `start_time`, `end_time`, `counterparty`, `counterparty_id`, `trade_date`, `trade_name`, `total_trade_money`, `total_real_money`, `total_debt_money`, `bill_status`, `is_collection`, `is_bad_debt`, `is_invalid`, `is_exist_item`, `is_delay`, `creater_id`, `create_time`, `updater_id`, `update_time`, `is_delete`) VALUES
(100401, 'BILL202409010001', 1001, 510100, 10001, 2, 30001, 40001, 1, 1, '2024-09-01', '2024-09-30', 1, 50001, '2024-09-01', '刘晓明', 3200.00, 3200.00, 0.00, 1, 0, 0, 0, 1, 0, 1, '2024-09-01 10:00:00', 1, '2024-09-01 10:00:00', 0),
(100402, 'BILL202409010002', 1001, 510100, 10001, 2, 30002, 40002, 1, 1, '2024-09-01', '2024-09-30', 1, 50002, '2024-09-01', '杨秀英', 3800.00, 3800.00, 0.00, 1, 0, 0, 0, 1, 0, 1, '2024-09-01 10:00:00', 1, '2024-09-01 10:00:00', 0),
(100403, 'BILL202409010003', 1001, 510100, 10001, 2, 30003, 40003, 1, 1, '2024-09-01', '2024-09-30', 1, 50003, '2024-09-01', '陈小龙', 2800.00, 2800.00, 0.00, 1, 0, 0, 0, 1, 0, 1, '2024-09-01 10:00:00', 1, '2024-09-01 10:00:00', 0),
(100404, 'BILL202409010004', 1001, 510100, 10001, 2, 30004, 40004, 1, 1, '2024-09-01', '2024-09-30', 1, 50004, '2024-09-01', '赵雅琴', 4500.00, 4500.00, 0.00, 1, 0, 0, 0, 1, 0, 1, '2024-09-01 10:00:00', 1, '2024-09-01 10:00:00', 0),
(100405, 'BILL202409050001', 1001, 510100, 10002, 2, 30005, 40005, 1, 1, '2024-09-01', '2024-09-30', 1, 50005, '2024-09-05', '孙文博', 3000.00, 3000.00, 0.00, 1, 0, 0, 0, 1, 0, 1, '2024-09-05 10:00:00', 1, '2024-09-05 10:00:00', 0),
(100406, 'BILL202409050002', 1001, 510100, 10002, 2, 30006, 40006, 1, 1, '2024-09-01', '2024-09-30', 1, 50006, '2024-09-05', '周婷婷', 4200.00, 4200.00, 0.00, 1, 0, 0, 0, 1, 0, 1, '2024-09-05 10:00:00', 1, '2024-09-05 10:00:00', 0),
(100407, 'BILL202409100001', 1001, 510100, 10002, 2, 30007, 40007, 1, 1, '2024-09-01', '2024-09-30', 1, 50007, '2024-09-10', '吴伟杰', 3500.00, 3500.00, 0.00, 1, 0, 0, 0, 1, 0, 1, '2024-09-10 10:00:00', 1, '2024-09-10 10:00:00', 0),
(100408, 'BILL202409100002', 1001, 510100, 10002, 2, 30008, 40008, 1, 1, '2024-09-01', '2024-09-30', 1, 50008, '2024-09-10', '郑丽娜', 4300.00, 4300.00, 0.00, 1, 0, 0, 0, 1, 0, 1, '2024-09-10 10:00:00', 1, '2024-09-10 10:00:00', 0),
(100409, 'BILL202409150001', 1001, 510100, 10003, 2, 30009, 40009, 1, 1, '2024-09-01', '2024-09-30', 1, 50009, '2024-09-15', '黄大海', 2700.00, 2700.00, 0.00, 1, 0, 0, 0, 1, 0, 1, '2024-09-15 10:00:00', 1, '2024-09-15 10:00:00', 0),
(100410, 'BILL202409150002', 1001, 510100, 10003, 2, 30010, 40010, 1, 1, '2024-09-01', '2024-09-30', 1, 50010, '2024-09-15', '马晓峰', 5000.00, 5000.00, 0.00, 1, 0, 0, 0, 1, 0, 1, '2024-09-15 10:00:00', 1, '2024-09-15 10:00:00', 0),
(100451, 'BILL202501010001', 1001, 510100, 10001, 2, 30001, 40001, 1, 1, '2025-01-01', '2025-01-31', 1, 50001, '2025-01-01', '刘晓明', 3200.00, 3200.00, 0.00, 1, 0, 0, 0, 1, 0, 1, '2025-01-01 10:00:00', 1, '2025-01-01 10:00:00', 0),
(100452, 'BILL202501010002', 1001, 510100, 10001, 2, 30002, 40002, 1, 1, '2025-01-01', '2025-01-31', 1, 50002, '2025-01-01', '杨秀英', 3800.00, 3800.00, 0.00, 1, 0, 0, 0, 1, 0, 1, '2025-01-01 10:00:00', 1, '2025-01-01 10:00:00', 0),
(100453, 'BILL202501010003', 1001, 510100, 10001, 2, 30003, 40003, 1, 1, '2025-01-01', '2025-01-31', 1, 50003, '2025-01-01', '陈小龙', 2800.00, 2800.00, 0.00, 1, 0, 0, 0, 1, 0, 1, '2025-01-01 10:00:00', 1, '2025-01-01 10:00:00', 0),
(100454, 'BILL202501010004', 1001, 510100, 10001, 2, 30004, 40004, 1, 1, '2025-01-01', '2025-01-31', 1, 50004, '2025-01-01', '赵雅琴', 4500.00, 4500.00, 0.00, 1, 0, 0, 0, 1, 0, 1, '2025-01-01 10:00:00', 1, '2025-01-01 10:00:00', 0),
(100461, 'BILL202502010001', 1001, 510100, 10001, 2, 30001, 40001, 1, 1, '2025-02-01', '2025-02-28', 1, 50001, '2025-02-01', '刘晓明', 3200.00, 0.00, 3200.00, 0, 0, 0, 0, 1, 0, 1, '2025-02-01 10:00:00', 1, '2025-02-01 10:00:00', 0),
(100462, 'BILL202502010002', 1001, 510100, 10001, 2, 30002, 40002, 1, 1, '2025-02-01', '2025-02-28', 1, 50002, '2025-02-01', '杨秀英', 3800.00, 3800.00, 0.00, 1, 0, 0, 0, 1, 0, 1, '2025-02-01 10:00:00', 1, '2025-02-01 10:00:00', 0),
(100463, 'BILL202502010003', 1001, 510100, 10001, 2, 30003, 40003, 1, 1, '2025-02-01', '2025-02-28', 1, 50003, '2025-02-01', '陈小龙', 2800.00, 1500.00, 1300.00, 2, 0, 0, 0, 1, 0, 1, '2025-02-01 10:00:00', 1, '2025-02-01 10:00:00', 0),
(100471, 'BILL202409120001', 1001, 510100, 10001, 3, 60002, 70005, 1, 1, '2024-09-15', '2024-10-14', 1, 80003, '2024-09-12', '王大锤', 1300.00, 1300.00, 0.00, 1, 0, 0, 0, 1, 0, 1, '2024-09-12 10:00:00', 1, '2024-09-12 10:00:00', 0),
(100472, 'BILL202409120002', 1001, 510100, 10001, 3, 60004, 70013, 1, 1, '2024-09-15', '2024-10-14', 1, 80007, '2024-09-12', '高飞翔', 1250.00, 1250.00, 0.00, 1, 0, 0, 0, 1, 0, 1, '2024-09-12 10:00:00', 1, '2024-09-12 10:00:00', 0),
(100481, 'BILL202409250001', 1001, 510100, 10001, 1, 50001, 51001, 1, 1, '2024-09-01', '2024-09-30', 1, 52001, '2024-09-25', '钱伟', 1500.00, 1500.00, 0.00, 1, 0, 0, 0, 1, 0, 1, '2024-09-25 10:00:00', 1, '2024-09-25 10:00:00', 0),
(100482, 'BILL202409250002', 1001, 510100, 10001, 1, 50001, 51002, 1, 1, '2024-09-01', '2024-09-30', 1, 52002, '2024-09-25', '孔丽', 1300.00, 1300.00, 0.00, 1, 0, 0, 0, 1, 0, 1, '2024-09-25 10:00:00', 1, '2024-09-25 10:00:00', 0);

INSERT IGNORE INTO `qft_bill_item` (`id`, `bill_item_code`, `company_id`, `bill_code`, `bill_item_type`, `bill_item_sub_type`, `trade_type`, `item_trade_date`, `total_trade_money`, `trade_money`, `real_money`, `real_complete_money`, `debt_money`, `coupon_money`, `earnest_money`, `arrears_money`, `discount_money`, `rent_free_money`, `unfinance_money`, `late_money`, `reduction_late_money`, `deduction_bill_money`, `bill_item_status`, `is_invalid`, `creater_id`, `create_time`, `updater_id`, `update_time`, `is_delete`) VALUES
(100501, 'BI202409010001-01', 1001, 'BILL202409010001', 1, 1, 1, '2024-09-01', 3200.00, 3200.00, 3200.00, 3200.00, 0.00, 0.00, 0.00, 0.00, 0.00, 0.00, 0.00, 0.00, 0.00, 0.00, 1, 0, 1, '2024-09-01 10:00:00', 1, '2024-09-01 10:00:00', 0),
(100502, 'BI202409010002-01', 1001, 'BILL202409010002', 1, 1, 1, '2024-09-01', 3800.00, 3800.00, 3800.00, 3800.00, 0.00, 0.00, 0.00, 0.00, 0.00, 0.00, 0.00, 0.00, 0.00, 0.00, 1, 0, 1, '2024-09-01 10:00:00', 1, '2024-09-01 10:00:00', 0),
(100503, 'BI202409010003-01', 1001, 'BILL202409010003', 1, 1, 1, '2024-09-01', 2800.00, 2800.00, 2800.00, 2800.00, 0.00, 0.00, 0.00, 0.00, 0.00, 0.00, 0.00, 0.00, 0.00, 0.00, 1, 0, 1, '2024-09-01 10:00:00', 1, '2024-09-01 10:00:00', 0),
(100504, 'BI202409010004-01', 1001, 'BILL202409010004', 1, 1, 1, '2024-09-01', 4500.00, 4500.00, 4500.00, 4500.00, 0.00, 0.00, 0.00, 0.00, 0.00, 0.00, 0.00, 0.00, 0.00, 0.00, 1, 0, 1, '2024-09-01 10:00:00', 1, '2024-09-01 10:00:00', 0),
(100505, 'BI202409050001-01', 1001, 'BILL202409050001', 1, 1, 1, '2024-09-05', 3000.00, 3000.00, 3000.00, 3000.00, 0.00, 0.00, 0.00, 0.00, 0.00, 0.00, 0.00, 0.00, 0.00, 0.00, 1, 0, 1, '2024-09-05 10:00:00', 1, '2024-09-05 10:00:00', 0),
(100506, 'BI202409050002-01', 1001, 'BILL202409050002', 1, 1, 1, '2024-09-05', 4200.00, 4200.00, 4200.00, 4200.00, 0.00, 0.00, 0.00, 0.00, 0.00, 0.00, 0.00, 0.00, 0.00, 0.00, 1, 0, 1, '2024-09-05 10:00:00', 1, '2024-09-05 10:00:00', 0),
(100507, 'BI202409100001-01', 1001, 'BILL202409100001', 1, 1, 1, '2024-09-10', 3500.00, 3500.00, 3500.00, 3500.00, 0.00, 0.00, 0.00, 0.00, 0.00, 0.00, 0.00, 0.00, 0.00, 0.00, 1, 0, 1, '2024-09-10 10:00:00', 1, '2024-09-10 10:00:00', 0),
(100508, 'BI202409100002-01', 1001, 'BILL202409100002', 1, 1, 1, '2024-09-10', 4300.00, 4300.00, 4300.00, 4300.00, 0.00, 0.00, 0.00, 0.00, 0.00, 0.00, 0.00, 0.00, 0.00, 0.00, 1, 0, 1, '2024-09-10 10:00:00', 1, '2024-09-10 10:00:00', 0),
(100509, 'BI202409150001-01', 1001, 'BILL202409150001', 1, 1, 1, '2024-09-15', 2700.00, 2700.00, 2700.00, 2700.00, 0.00, 0.00, 0.00, 0.00, 0.00, 0.00, 0.00, 0.00, 0.00, 0.00, 1, 0, 1, '2024-09-15 10:00:00', 1, '2024-09-15 10:00:00', 0),
(100510, 'BI202409150002-01', 1001, 'BILL202409150002', 1, 1, 1, '2024-09-15', 5000.00, 5000.00, 5000.00, 5000.00, 0.00, 0.00, 0.00, 0.00, 0.00, 0.00, 0.00, 0.00, 0.00, 0.00, 1, 0, 1, '2024-09-15 10:00:00', 1, '2024-09-15 10:00:00', 0),
(100551, 'BI202502010001-01', 1001, 'BILL202502010001', 1, 1, 1, '2025-02-01', 3200.00, 3200.00, 0.00, 0.00, 3200.00, 0.00, 0.00, 0.00, 0.00, 0.00, 3200.00, 0.00, 0.00, 0.00, 0, 0, 1, '2025-02-01 10:00:00', 1, '2025-02-01 10:00:00', 0),
(100552, 'BI202502010003-01', 1001, 'BILL202502010003', 1, 1, 1, '2025-02-01', 2800.00, 2800.00, 1500.00, 1500.00, 1300.00, 0.00, 0.00, 0.00, 0.00, 0.00, 1300.00, 0.00, 0.00, 0.00, 2, 0, 1, '2025-02-01 10:00:00', 1, '2025-02-01 10:00:00', 0);

INSERT IGNORE INTO `qft_smart_water_meter_usage_record` (`id`, `parent_id`, `company_id`, `sale_type`, `house_id`, `room_id`, `tenant_id`, `device_id`, `is_public`, `total_use_water`, `current_use_water`, `total_water`, `surplus_water`, `read_time`, `create_time`, `update_time`, `is_delete`, `url`, `pay_model`, `this_value`, `last_value`, `usage_time`) VALUES
(100601, 0, 1001, 3, 60001, 70001, 80001, 1001, 0, 15.00, 3.50, 20.00, 5.00, '2024-09-30 08:00:00', '2024-09-30 08:00:00', '2024-09-30 08:00:00', 0, '', 2, 15.00, 11.50, '2024-09-30'),
(100602, 0, 1001, 3, 60001, 70001, 80001, 1001, 0, 18.50, 3.50, 20.00, 1.50, '2024-10-31 08:00:00', '2024-10-31 08:00:00', '2024-10-31 08:00:00', 0, '', 2, 18.50, 15.00, '2024-10-31'),
(100603, 0, 1001, 3, 60001, 70001, 80001, 1001, 0, 22.00, 3.50, 30.00, 8.00, '2024-11-30 08:00:00', '2024-11-30 08:00:00', '2024-11-30 08:00:00', 0, '', 2, 22.00, 18.50, '2024-11-30'),
(100604, 0, 1001, 3, 60001, 70001, 80001, 1001, 0, 25.50, 3.50, 30.00, 4.50, '2024-12-31 08:00:00', '2024-12-31 08:00:00', '2024-12-31 08:00:00', 0, '', 2, 25.50, 22.00, '2024-12-31'),
(100605, 0, 1001, 3, 60001, 70001, 80001, 1001, 0, 28.80, 3.30, 30.00, 1.20, '2025-01-31 08:00:00', '2025-01-31 08:00:00', '2025-01-31 08:00:00', 0, '', 2, 28.80, 25.50, '2025-01-31'),
(100606, 0, 1001, 3, 60001, 70001, 80001, 1001, 0, 32.10, 3.30, 30.00, -2.10, '2025-02-28 08:00:00', '2025-02-28 08:00:00', '2025-02-28 08:00:00', 0, '', 2, 32.10, 28.80, '2025-02-28'),
(100607, 0, 1001, 3, 60001, 70002, 80002, 1002, 0, 12.00, 2.80, 20.00, 8.00, '2024-09-30 08:00:00', '2024-09-30 08:00:00', '2024-09-30 08:00:00', 0, '', 2, 12.00, 9.20, '2024-09-30'),
(100608, 0, 1001, 3, 60001, 70002, 80002, 1002, 0, 14.80, 2.80, 20.00, 5.20, '2024-10-31 08:00:00', '2024-10-31 08:00:00', '2024-10-31 08:00:00', 0, '', 2, 14.80, 12.00, '2024-10-31'),
(100609, 0, 1001, 3, 60001, 70002, 80002, 1002, 0, 17.60, 2.80, 20.00, 2.40, '2024-11-30 08:00:00', '2024-11-30 08:00:00', '2024-11-30 08:00:00', 0, '', 2, 17.60, 14.80, '2024-11-30'),
(100610, 0, 1001, 3, 60001, 70002, 80002, 1002, 0, 20.00, 2.40, 20.00, 0.00, '2024-12-31 08:00:00', '2024-12-31 08:00:00', '2024-12-31 08:00:00', 0, '', 2, 20.00, 17.60, '2024-12-31'),
(100611, 0, 1001, 1, 50001, 51001, 52001, 2001, 0, 10.00, 2.50, 15.00, 5.00, '2024-09-30 08:00:00', '2024-09-30 08:00:00', '2024-09-30 08:00:00', 0, '', 2, 10.00, 7.50, '2024-09-30'),
(100612, 0, 1001, 1, 50001, 51001, 52001, 2001, 0, 12.50, 2.50, 15.00, 2.50, '2024-10-31 08:00:00', '2024-10-31 08:00:00', '2024-10-31 08:00:00', 0, '', 2, 12.50, 10.00, '2024-10-31'),
(100613, 0, 1001, 1, 50001, 51001, 52001, 2001, 0, 15.00, 2.50, 15.00, 0.00, '2024-11-30 08:00:00', '2024-11-30 08:00:00', '2024-11-30 08:00:00', 0, '', 2, 15.00, 12.50, '2024-11-30'),
(100614, 0, 1001, 1, 50001, 51001, 52001, 2001, 0, 17.50, 2.50, 15.00, -2.50, '2024-12-31 08:00:00', '2024-12-31 08:00:00', '2024-12-31 08:00:00', 0, '', 2, 17.50, 15.00, '2024-12-31'),
(100615, 0, 1001, 1, 50001, 51001, 52001, 2001, 0, 20.00, 2.50, 25.00, 5.00, '2025-01-31 08:00:00', '2025-01-31 08:00:00', '2025-01-31 08:00:00', 0, '', 2, 20.00, 17.50, '2025-01-31'),
(100616, 0, 1001, 1, 50001, 51001, 52001, 2001, 0, 22.30, 2.30, 25.00, 2.70, '2025-02-28 08:00:00', '2025-02-28 08:00:00', '2025-02-28 08:00:00', 0, '', 2, 22.30, 20.00, '2025-02-28'),
(100617, 0, 1001, 3, 60003, 70008, 80005, 1003, 0, 16.00, 4.00, 20.00, 4.00, '2024-09-30 08:00:00', '2024-09-30 08:00:00', '2024-09-30 08:00:00', 0, '', 2, 16.00, 12.00, '2024-09-30'),
(100618, 0, 1001, 3, 60003, 70008, 80005, 1003, 0, 20.00, 4.00, 20.00, 0.00, '2024-10-31 08:00:00', '2024-10-31 08:00:00', '2024-10-31 08:00:00', 0, '', 2, 20.00, 16.00, '2024-10-31'),
(100619, 0, 1001, 3, 60003, 70008, 80005, 1003, 0, 24.00, 4.00, 20.00, -4.00, '2024-11-30 08:00:00', '2024-11-30 08:00:00', '2024-11-30 08:00:00', 0, '', 2, 24.00, 20.00, '2024-11-30'),
(100620, 0, 1001, 3, 60004, 70013, 80007, 1004, 0, 8.00, 2.00, 10.00, 2.00, '2024-09-30 08:00:00', '2024-09-30 08:00:00', '2024-09-30 08:00:00', 0, '', 2, 8.00, 6.00, '2024-09-30'),
(100621, 0, 1001, 3, 60004, 70013, 80007, 1004, 0, 10.00, 2.00, 10.00, 0.00, '2024-10-31 08:00:00', '2024-10-31 08:00:00', '2024-10-31 08:00:00', 0, '', 2, 10.00, 8.00, '2024-10-31'),
(100622, 0, 1001, 3, 60004, 70013, 80007, 1004, 0, 12.50, 2.50, 10.00, -2.50, '2024-11-30 08:00:00', '2024-11-30 08:00:00', '2024-11-30 08:00:00', 0, '', 2, 12.50, 10.00, '2024-11-30'),
(100623, 0, 1001, 3, 60004, 70013, 80007, 1004, 0, 14.50, 2.00, 15.00, 0.50, '2024-12-31 08:00:00', '2024-12-31 08:00:00', '2024-12-31 08:00:00', 0, '', 2, 14.50, 12.50, '2024-12-31'),
(100624, 0, 1001, 1, 50002, 51005, 52004, 2002, 0, 18.00, 3.60, 20.00, 2.00, '2024-09-30 08:00:00', '2024-09-30 08:00:00', '2024-09-30 08:00:00', 0, '', 2, 18.00, 14.40, '2024-09-30'),
(100625, 0, 1001, 1, 50002, 51005, 52004, 2002, 0, 21.60, 3.60, 20.00, -1.60, '2024-10-31 08:00:00', '2024-10-31 08:00:00', '2024-10-31 08:00:00', 0, '', 2, 21.60, 18.00, '2024-10-31'),
(100626, 0, 1001, 1, 50002, 51005, 52004, 2002, 0, 25.00, 3.40, 25.00, 0.00, '2024-11-30 08:00:00', '2024-11-30 08:00:00', '2024-11-30 08:00:00', 0, '', 2, 25.00, 21.60, '2024-11-30'),
(100627, 0, 1001, 1, 50002, 51005, 52004, 2002, 0, 28.40, 3.40, 25.00, -3.40, '2024-12-31 08:00:00', '2024-12-31 08:00:00', '2024-12-31 08:00:00', 0, '', 2, 28.40, 25.00, '2024-12-31'),
(100628, 0, 1001, 3, 60005, 70017, 80010, 1005, 0, 11.00, 2.20, 15.00, 4.00, '2024-09-30 08:00:00', '2024-09-30 08:00:00', '2024-09-30 08:00:00', 0, '', 2, 11.00, 8.80, '2024-09-30'),
(100629, 0, 1001, 3, 60005, 70017, 80010, 1005, 0, 13.20, 2.20, 15.00, 1.80, '2024-10-31 08:00:00', '2024-10-31 08:00:00', '2024-10-31 08:00:00', 0, '', 2, 13.20, 11.00, '2024-10-31'),
(100630, 0, 1001, 3, 60005, 70017, 80010, 1005, 0, 15.40, 2.20, 15.00, -0.40, '2024-11-30 08:00:00', '2024-11-30 08:00:00', '2024-11-30 08:00:00', 0, '', 2, 15.40, 13.20, '2024-11-30'),
(100631, 0, 1001, 3, 60007, 70024, 80015, 1006, 0, 9.00, 3.00, 10.00, 1.00, '2024-09-30 08:00:00', '2024-09-30 08:00:00', '2024-09-30 08:00:00', 0, '', 2, 9.00, 6.00, '2024-09-30'),
(100632, 0, 1001, 3, 60007, 70024, 80015, 1006, 0, 12.00, 3.00, 10.00, -2.00, '2024-10-31 08:00:00', '2024-10-31 08:00:00', '2024-10-31 08:00:00', 0, '', 2, 12.00, 9.00, '2024-10-31'),
(100633, 0, 1001, 3, 60008, 70028, 80018, 1007, 0, 7.00, 1.80, 10.00, 3.00, '2024-09-30 08:00:00', '2024-09-30 08:00:00', '2024-09-30 08:00:00', 0, '', 2, 7.00, 5.20, '2024-09-30'),
(100634, 0, 1001, 3, 60008, 70028, 80018, 1007, 0, 8.80, 1.80, 10.00, 1.20, '2024-10-31 08:00:00', '2024-10-31 08:00:00', '2024-10-31 08:00:00', 0, '', 2, 8.80, 7.00, '2024-10-31'),
(100635, 0, 1001, 3, 60008, 70028, 80018, 1007, 0, 10.60, 1.80, 10.00, -0.60, '2024-11-30 08:00:00', '2024-11-30 08:00:00', '2024-11-30 08:00:00', 0, '', 2, 10.60, 8.80, '2024-11-30');

INSERT IGNORE INTO `qft_smart_water_meter_recharge_record` (`id`, `company_id`, `sale_type`, `house_id`, `room_id`, `tenant_id`, `device_id`, `price`, `recharge_amount`, `recharge_measure`, `surplus_measure`, `recharge_type`, `pay_type`, `terminal`, `status`, `remark`, `creater_id`, `create_time`, `update_time`, `is_delete`) VALUES
(100701, 1001, 3, 60001, 70001, 80001, 1001, 5.00, 50.00, 10.00, 15.00, 1, 1, 1, 1, '水费充值', 1, '2024-09-15 10:00:00', '2024-09-15 10:00:00', 0),
(100702, 1001, 3, 60001, 70001, 80001, 1001, 5.00, 50.00, 10.00, 18.00, 1, 1, 1, 1, '水费充值', 1, '2024-11-20 10:00:00', '2024-11-20 10:00:00', 0),
(100703, 1001, 3, 60001, 70002, 80002, 1002, 5.00, 100.00, 20.00, 28.00, 1, 1, 1, 1, '水费充值', 1, '2024-09-10 10:00:00', '2024-09-10 10:00:00', 0),
(100704, 1001, 1, 50001, 51001, 52001, 2001, 5.00, 75.00, 15.00, 20.00, 1, 1, 1, 1, '水费充值', 1, '2024-09-05 10:00:00', '2024-09-05 10:00:00', 0),
(100705, 1001, 1, 50001, 51001, 52001, 2001, 5.00, 50.00, 10.00, 15.00, 1, 1, 1, 1, '水费充值', 1, '2025-01-10 10:00:00', '2025-01-10 10:00:00', 0),
(100706, 1001, 3, 60003, 70008, 80005, 1003, 5.00, 100.00, 20.00, 24.00, 1, 1, 1, 1, '水费充值', 1, '2024-09-20 10:00:00', '2024-09-20 10:00:00', 0),
(100707, 1001, 3, 60004, 70013, 80007, 1004, 5.00, 50.00, 10.00, 12.00, 1, 1, 1, 1, '水费充值', 1, '2024-09-10 10:00:00', '2024-09-10 10:00:00', 0),
(100708, 1001, 3, 60004, 70013, 80007, 1004, 5.00, 25.00, 5.00, 5.50, 1, 1, 1, 1, '水费充值', 1, '2024-12-15 10:00:00', '2024-12-15 10:00:00', 0),
(100709, 1001, 1, 50002, 51005, 52004, 2002, 5.00, 100.00, 20.00, 22.00, 1, 1, 1, 1, '水费充值', 1, '2024-09-15 10:00:00', '2024-09-15 10:00:00', 0),
(100710, 1001, 1, 50002, 51005, 52004, 2002, 5.00, 25.00, 5.00, 1.60, 1, 2, 1, 0, '水费充值-未缴纳', 1, '2025-01-05 10:00:00', '2025-01-05 10:00:00', 0),
(100711, 1001, 3, 60005, 70017, 80010, 1005, 5.00, 75.00, 15.00, 19.00, 1, 1, 1, 1, '水费充值', 1, '2024-09-10 10:00:00', '2024-09-10 10:00:00', 0),
(100712, 1001, 3, 60007, 70024, 80015, 1006, 5.00, 50.00, 10.00, 11.00, 1, 1, 1, 1, '水费充值', 1, '2024-09-05 10:00:00', '2024-09-05 10:00:00', 0),
(100713, 1001, 3, 60008, 70028, 80018, 1007, 5.00, 50.00, 10.00, 13.00, 1, 1, 1, 1, '水费充值', 1, '2024-09-10 10:00:00', '2024-09-10 10:00:00', 0),
(100714, 1001, 3, 60001, 70001, 80001, 1001, 5.00, 30.00, 6.00, 4.00, 1, 2, 1, 0, '水费充值-未缴纳', 1, '2025-02-15 10:00:00', '2025-02-15 10:00:00', 0),
(100715, 1001, 3, 60003, 70008, 80005, 1003, 5.00, 40.00, 8.00, 4.00, 1, 2, 1, 0, '水费充值-未缴纳', 1, '2024-12-01 10:00:00', '2024-12-01 10:00:00', 0),
(100716, 1001, 3, 60007, 70024, 80015, 1006, 5.00, 30.00, 6.00, 4.00, 1, 2, 1, 0, '水费充值-未缴纳', 1, '2024-11-10 10:00:00', '2024-11-10 10:00:00', 0),
(100717, 1001, 3, 60005, 70017, 80010, 1005, 5.00, 25.00, 5.00, 4.60, 1, 2, 1, 0, '水费充值-未缴纳', 1, '2024-12-05 10:00:00', '2024-12-05 10:00:00', 0),
(100718, 1001, 1, 50001, 51001, 52001, 2001, 5.00, 35.00, 7.00, 9.70, 1, 2, 1, 0, '水费充值-未缴纳', 1, '2025-02-20 10:00:00', '2025-02-20 10:00:00', 0),
(100719, 1001, 3, 60009, 70031, 80019, 1008, 5.00, 50.00, 10.00, 12.00, 1, 1, 1, 1, '水费充值', 1, '2024-09-10 10:00:00', '2024-09-10 10:00:00', 0),
(100720, 1001, 3, 60010, 70034, 80020, 1009, 5.00, 50.00, 10.00, 10.00, 1, 1, 1, 1, '水费充值', 1, '2024-10-10 10:00:00', '2024-10-10 10:00:00', 0),
(100721, 1001, 1, 50003, 51009, 52005, 2003, 5.00, 50.00, 10.00, 15.00, 1, 1, 1, 1, '水费充值', 1, '2024-09-10 10:00:00', '2024-09-10 10:00:00', 0);

INSERT IGNORE INTO `qft_electronics_contract` (`id`, `company_id`, `business_type`, `trust_type`, `contract_type`, `contract_name`, `is_delete`, `create_time`, `creater_id`, `serial_number`, `contract_category`) VALUES
(100801, 1001, 2, 1, 1, '整租租赁合同-刘晓明', 0, '2024-02-01 10:00:00', 1, 1, 1),
(100802, 1001, 2, 1, 1, '整租租赁合同-杨秀英', 0, '2024-02-20 10:00:00', 1, 2, 1),
(100803, 1001, 2, 1, 1, '整租租赁合同-陈小龙', 0, '2024-02-25 10:00:00', 1, 3, 1),
(100804, 1001, 2, 1, 1, '整租租赁合同-赵雅琴', 0, '2024-03-10 10:00:00', 1, 4, 1),
(100805, 1001, 2, 1, 1, '整租租赁合同-孙文博', 0, '2024-03-10 10:00:00', 1, 5, 1),
(100806, 1001, 2, 1, 1, '整租租赁合同-周婷婷', 0, '2024-03-15 10:00:00', 1, 6, 1),
(100807, 1001, 2, 1, 1, '整租租赁合同-吴伟杰', 0, '2024-03-20 10:00:00', 1, 7, 1),
(100808, 1001, 2, 1, 1, '整租租赁合同-郑丽娜', 0, '2024-04-01 10:00:00', 1, 8, 1),
(100809, 1001, 2, 1, 1, '整租租赁合同-黄大海', 0, '2024-04-15 10:00:00', 1, 9, 1),
(100810, 1001, 2, 1, 1, '整租租赁合同-马晓峰', 0, '2024-05-01 10:00:00', 1, 10, 1),
(100811, 1001, 3, 1, 1, '合租租赁合同-张三', 0, '2024-03-01 10:00:00', 1, 11, 1),
(100812, 1001, 3, 1, 1, '合租租赁合同-李思琪', 0, '2024-03-01 10:00:00', 1, 12, 1),
(100813, 1001, 3, 1, 1, '合租租赁合同-王大锤', 0, '2024-03-15 10:00:00', 1, 13, 1),
(100814, 1001, 3, 1, 1, '合租租赁合同-何小芳', 0, '2024-04-01 10:00:00', 1, 14, 1),
(100815, 1001, 3, 1, 1, '合租租赁合同-林小军', 0, '2024-04-01 10:00:00', 1, 15, 1),
(100816, 1001, 3, 1, 1, '合租租赁合同-郭美丽', 0, '2024-04-01 10:00:00', 1, 16, 1),
(100817, 1001, 3, 1, 1, '合租租赁合同-高飞翔', 0, '2024-04-15 10:00:00', 1, 17, 1),
(100818, 1001, 3, 1, 1, '合租租赁合同-卢春燕', 0, '2024-04-15 10:00:00', 1, 18, 1),
(100819, 1001, 3, 1, 1, '合租租赁合同-谢晓红', 0, '2024-04-01 10:00:00', 1, 19, 1),
(100820, 1001, 3, 1, 1, '合租租赁合同-冯天宇', 0, '2024-05-01 10:00:00', 1, 20, 1),
(100821, 1001, 3, 1, 1, '合租租赁合同-沈雪梅', 0, '2024-05-15 10:00:00', 1, 21, 1),
(100822, 1001, 3, 1, 1, '合租租赁合同-唐丽萍', 0, '2024-05-01 10:00:00', 1, 22, 1),
(100823, 1001, 3, 1, 1, '合租租赁合同-曹国庆', 0, '2024-06-01 10:00:00', 1, 23, 1),
(100824, 1001, 3, 1, 1, '合租租赁合同-邓宇航', 0, '2024-07-01 10:00:00', 1, 24, 1),
(100825, 1001, 3, 1, 1, '合租租赁合同-魏子豪', 0, '2024-05-01 10:00:00', 1, 25, 1),
(100826, 1001, 1, 1, 1, '集中式租赁合同-钱伟', 0, '2024-06-01 10:00:00', 1, 26, 1),
(100827, 1001, 1, 1, 1, '集中式租赁合同-孔丽', 0, '2024-06-01 10:00:00', 1, 27, 1),
(100828, 1001, 1, 1, 1, '集中式租赁合同-曾强', 0, '2024-06-01 10:00:00', 1, 28, 1),
(100829, 1001, 1, 1, 1, '集中式租赁合同-严芳', 0, '2024-07-01 10:00:00', 1, 29, 1),
(100830, 1001, 1, 1, 1, '集中式租赁合同-韩明', 0, '2024-07-01 10:00:00', 1, 30, 1);

INSERT IGNORE INTO `qft_common_tenant_renewal` (`id`, `company_id`, `housing_id`, `room_id`, `tenant_id`, `business_type`, `start_time`, `end_time`, `interval_year`, `interval_month`, `interval_day`, `room_money`, `deposit`, `pay_method`, `add_point`, `before_input_time`, `before_start_time`, `before_end_time`, `before_interval_year`, `before_interval_month`, `before_interval_day`, `before_room_money`, `before_deposit`, `before_pay_method`, `before_add_point`, `is_delete`, `log_index`, `creater_id`, `create_time`) VALUES
(100901, 1001, 30001, 40001, 50001, 2, '2025-02-01 00:00:00', '2026-01-31 23:59:59', 1, 0, 0, 3300.00, 3300.00, 3, 0, '2024-02-01 00:00:00', '2024-02-01 00:00:00', '2025-01-31 23:59:59', 1, 0, 0, 3200.00, 3200.00, 3, 0, 0, 1, 1, '2025-01-15 10:00:00'),
(100902, 1001, 30002, 40002, 50002, 2, '2025-03-01 00:00:00', '2026-02-28 23:59:59', 1, 0, 0, 3900.00, 3900.00, 3, 0, '2024-03-01 00:00:00', '2024-03-01 00:00:00', '2025-02-28 23:59:59', 1, 0, 0, 3800.00, 3800.00, 3, 0, 0, 1, 1, '2025-02-10 10:00:00'),
(100903, 1001, 30004, 40004, 50004, 2, '2025-04-01 00:00:00', '2026-03-31 23:59:59', 1, 0, 0, 4600.00, 4600.00, 3, 0, '2024-04-01 00:00:00', '2024-04-01 00:00:00', '2025-03-31 23:59:59', 1, 0, 0, 4500.00, 4500.00, 3, 0, 0, 1, 1, '2025-03-01 10:00:00'),
(100904, 1001, 30006, 40006, 50006, 2, '2025-04-01 00:00:00', '2026-03-31 23:59:59', 1, 0, 0, 4300.00, 4300.00, 3, 0, '2024-04-01 00:00:00', '2024-04-01 00:00:00', '2025-03-31 23:59:59', 1, 0, 0, 4200.00, 4200.00, 3, 0, 0, 1, 1, '2025-03-05 10:00:00'),
(100905, 1001, 60001, 70001, 80001, 3, '2025-03-01 00:00:00', '2026-02-28 23:59:59', 1, 0, 0, 1250.00, 1250.00, 3, 0, '2024-03-01 00:00:00', '2024-03-01 00:00:00', '2025-02-28 23:59:59', 1, 0, 0, 1200.00, 1200.00, 3, 0, 0, 1, 1, '2025-02-15 10:00:00'),
(100906, 1001, 60003, 70008, 80005, 3, '2025-04-01 00:00:00', '2026-03-31 23:59:59', 1, 0, 0, 1450.00, 1450.00, 3, 0, '2024-04-01 00:00:00', '2024-04-01 00:00:00', '2025-03-31 23:59:59', 1, 0, 0, 1400.00, 1400.00, 3, 0, 0, 1, 1, '2025-03-10 10:00:00'),
(100907, 1001, 60005, 70017, 80010, 3, '2025-04-01 00:00:00', '2026-03-31 23:59:59', 1, 0, 0, 1250.00, 1250.00, 3, 0, '2024-04-01 00:00:00', '2024-04-01 00:00:00', '2025-03-31 23:59:59', 1, 0, 0, 1200.00, 1200.00, 3, 0, 0, 1, 1, '2025-03-10 10:00:00'),
(100908, 1001, 60007, 70024, 80015, 3, '2025-05-01 00:00:00', '2026-04-30 23:59:59', 1, 0, 0, 1400.00, 1400.00, 3, 0, '2024-05-01 00:00:00', '2024-05-01 00:00:00', '2025-04-30 23:59:59', 1, 0, 0, 1350.00, 1350.00, 3, 0, 0, 1, 1, '2025-03-20 10:00:00'),
(100909, 1001, 50001, 51001, 52001, 1, '2025-04-01 00:00:00', '2026-03-31 23:59:59', 1, 0, 0, 1550.00, 1550.00, 1, 0, '2024-06-01 00:00:00', '2024-06-01 00:00:00', '2025-05-31 23:59:59', 1, 0, 0, 1500.00, 1500.00, 1, 0, 0, 1, 1, '2025-03-15 10:00:00'),
(100910, 1001, 50001, 51003, 52003, 1, '2025-04-01 00:00:00', '2026-03-31 23:59:59', 1, 0, 0, 1650.00, 1650.00, 1, 0, '2024-06-01 00:00:00', '2024-06-01 00:00:00', '2025-05-31 23:59:59', 1, 0, 0, 1600.00, 1600.00, 1, 0, 0, 1, 1, '2025-03-15 10:00:00'),
(100911, 1001, 60002, 70005, 80003, 3, '2025-04-15 00:00:00', '2026-04-14 23:59:59', 1, 0, 0, 1350.00, 1350.00, 1, 0, '2024-03-15 00:00:00', '2024-03-15 00:00:00', '2025-03-14 23:59:59', 1, 0, 0, 1300.00, 1300.00, 1, 0, 0, 1, 1, '2025-03-01 10:00:00'),
(100912, 1001, 60004, 70014, 80008, 3, '2025-05-15 00:00:00', '2026-05-14 23:59:59', 1, 0, 0, 1200.00, 1200.00, 1, 0, '2024-04-15 00:00:00', '2024-04-15 00:00:00', '2025-04-14 23:59:59', 1, 0, 0, 1150.00, 1150.00, 1, 0, 0, 1, 1, '2025-03-10 10:00:00');

INSERT IGNORE INTO `qft_renovation` (`id`, `company_id`, `room_id`, `room_type`, `register_id`, `state`, `new_progress_name`, `total_time_consumin`, `start_time`, `end_time`, `creater_id`, `create_time`, `is_delete`, `serial_number`) VALUES
(101001, 1001, 70001, 3, 1, 2, '完工验收', 15, '2024-01-10 00:00:00', '2024-01-25 00:00:00', 1, '2024-01-10 10:00:00', 0, 1),
(101002, 1001, 70005, 3, 1, 2, '完工验收', 20, '2024-02-01 00:00:00', '2024-02-21 00:00:00', 1, '2024-02-01 10:00:00', 0, 2),
(101003, 1001, 70008, 3, 1, 2, '完工验收', 25, '2024-02-15 00:00:00', '2024-03-12 00:00:00', 1, '2024-02-15 10:00:00', 0, 3),
(101004, 1001, 70013, 3, 1, 2, '完工验收', 12, '2024-03-01 00:00:00', '2024-03-13 00:00:00', 1, '2024-03-01 10:00:00', 0, 4),
(101005, 1001, 70017, 3, 1, 2, '完工验收', 18, '2024-03-10 00:00:00', '2024-03-28 00:00:00', 1, '2024-03-10 10:00:00', 0, 5),
(101006, 1001, 40001, 2, 1, 2, '完工验收', 30, '2024-01-01 00:00:00', '2024-01-31 00:00:00', 1, '2024-01-01 10:00:00', 0, 6),
(101007, 1001, 40002, 2, 1, 2, '完工验收', 22, '2024-01-15 00:00:00', '2024-02-06 00:00:00', 1, '2024-01-15 10:00:00', 0, 7),
(101008, 1001, 40004, 2, 1, 2, '完工验收', 28, '2024-02-10 00:00:00', '2024-03-10 00:00:00', 1, '2024-02-10 10:00:00', 0, 8),
(101009, 1001, 51001, 1, 1, 2, '完工验收', 35, '2024-04-01 00:00:00', '2024-05-06 00:00:00', 1, '2024-04-01 10:00:00', 0, 9),
(101010, 1001, 51005, 1, 1, 2, '完工验收', 40, '2024-05-01 00:00:00', '2024-06-10 00:00:00', 1, '2024-05-01 10:00:00', 0, 10),
(101011, 1001, 70024, 3, 1, 1, '施工中', 0, '2025-02-01 00:00:00', NULL, 1, '2025-02-01 10:00:00', 0, 11);

INSERT IGNORE INTO `qft_rm_renovation_record` (`id`, `business_type`, `housing_id`, `property_adrr_id`, `log_time`, `amortization`, `company_id`, `entry_time`, `amortization_start_time`, `amortization_end_time`, `renovation_cost`, `is_delete`, `remark`, `type_id`, `create_time`, `creater_id`, `renovation_id`) VALUES
(101101, 3, 60001, 20001, 12, 1, 1001, '2024-01-25 00:00:00', '2024-02-01', '2025-01-31', 15000.00, 0, '翡翠城A房翻新', 1, '2024-01-25 10:00:00', 1, 101001),
(101102, 3, 60002, 20001, 12, 1, 1001, '2024-02-21 00:00:00', '2024-03-01', '2025-02-28', 18000.00, 0, '翡翠城合租A翻新', 1, '2024-02-21 10:00:00', 1, 101002),
(101103, 3, 60003, 20002, 12, 1, 1001, '2024-03-12 00:00:00', '2024-04-01', '2025-03-31', 22000.00, 0, '锦绣花园合租A翻新', 1, '2024-03-12 10:00:00', 1, 101003),
(101104, 3, 60004, 20001, 12, 1, 1001, '2024-03-13 00:00:00', '2024-04-01', '2025-03-31', 12000.00, 0, '翡翠城合租A翻新', 1, '2024-03-13 10:00:00', 1, 101004),
(101105, 3, 60005, 20002, 12, 1, 1001, '2024-03-28 00:00:00', '2024-04-01', '2025-03-31', 16000.00, 0, '锦绣花园合租A翻新', 1, '2024-03-28 10:00:00', 1, 101005),
(101106, 2, 30001, 20001, 24, 1, 1001, '2024-01-31 00:00:00', '2024-02-01', '2026-01-31', 35000.00, 0, '翡翠城整租全屋翻新', 1, '2024-01-31 10:00:00', 1, 101006),
(101107, 2, 30002, 20001, 24, 1, 1001, '2024-02-06 00:00:00', '2024-03-01', '2026-02-28', 28000.00, 0, '翡翠城整租全屋翻新', 1, '2024-02-06 10:00:00', 1, 101007),
(101108, 2, 30004, 20001, 24, 1, 1001, '2024-03-10 00:00:00', '2024-04-01', '2026-03-31', 42000.00, 0, '翡翠城整租大户型翻新', 1, '2024-03-10 10:00:00', 1, 101008),
(101109, 1, 50001, 20001, 36, 1, 1001, '2024-05-06 00:00:00', '2024-06-01', '2027-05-31', 65000.00, 0, '翡翠城集中式公寓翻新', 1, '2024-05-06 10:00:00', 1, 101009),
(101110, 1, 50002, 20003, 36, 1, 1001, '2024-06-10 00:00:00', '2024-07-01', '2027-06-30', 55000.00, 0, '金沙世纪城集中式翻新', 1, '2024-06-10 10:00:00', 1, 101010);

INSERT IGNORE INTO `qft_rm_renovation_amortization` (`id`, `record_id`, `amortization_month`, `amortization_cost`, `create_time`, `creater_id`, `company_id`, `is_delete`) VALUES
(102001, 101101, '2024-09-01', 1250.00, '2024-09-30 00:00:00', 1, 1001, 0),
(102002, 101101, '2024-10-01', 1250.00, '2024-10-31 00:00:00', 1, 1001, 0),
(102003, 101101, '2024-11-01', 1250.00, '2024-11-30 00:00:00', 1, 1001, 0),
(102004, 101101, '2024-12-01', 1250.00, '2024-12-31 00:00:00', 1, 1001, 0),
(102005, 101101, '2025-01-01', 1250.00, '2025-01-31 00:00:00', 1, 1001, 0),
(102006, 101102, '2024-09-01', 1500.00, '2024-09-30 00:00:00', 1, 1001, 0),
(102007, 101102, '2024-10-01', 1500.00, '2024-10-31 00:00:00', 1, 1001, 0),
(102008, 101102, '2024-11-01', 1500.00, '2024-11-30 00:00:00', 1, 1001, 0),
(102009, 101102, '2024-12-01', 1500.00, '2024-12-31 00:00:00', 1, 1001, 0),
(102010, 101102, '2025-01-01', 1500.00, '2025-01-31 00:00:00', 1, 1001, 0),
(102011, 101102, '2025-02-01', 1500.00, '2025-02-28 00:00:00', 1, 1001, 0),
(102012, 101103, '2024-09-01', 1833.33, '2024-09-30 00:00:00', 1, 1001, 0),
(102013, 101103, '2024-10-01', 1833.33, '2024-10-31 00:00:00', 1, 1001, 0),
(102014, 101103, '2024-11-01', 1833.33, '2024-11-30 00:00:00', 1, 1001, 0),
(102015, 101103, '2024-12-01', 1833.33, '2024-12-31 00:00:00', 1, 1001, 0),
(102016, 101103, '2025-01-01', 1833.33, '2025-01-31 00:00:00', 1, 1001, 0),
(102017, 101103, '2025-02-01', 1833.33, '2025-02-28 00:00:00', 1, 1001, 0),
(102018, 101106, '2024-09-01', 1458.33, '2024-09-30 00:00:00', 1, 1001, 0),
(102019, 101106, '2024-10-01', 1458.33, '2024-10-31 00:00:00', 1, 1001, 0),
(102020, 101106, '2024-11-01', 1458.33, '2024-11-30 00:00:00', 1, 1001, 0),
(102021, 101106, '2024-12-01', 1458.33, '2024-12-31 00:00:00', 1, 1001, 0),
(102022, 101106, '2025-01-01', 1458.33, '2025-01-31 00:00:00', 1, 1001, 0),
(102023, 101106, '2025-02-01', 1458.33, '2025-02-28 00:00:00', 1, 1001, 0),
(102024, 101109, '2024-09-01', 1805.56, '2024-09-30 00:00:00', 1, 1001, 0),
(102025, 101109, '2024-10-01', 1805.56, '2024-10-31 00:00:00', 1, 1001, 0),
(102026, 101109, '2024-11-01', 1805.56, '2024-11-30 00:00:00', 1, 1001, 0),
(102027, 101109, '2024-12-01', 1805.56, '2024-12-31 00:00:00', 1, 1001, 0),
(102028, 101109, '2025-01-01', 1805.56, '2025-01-31 00:00:00', 1, 1001, 0),
(102029, 101109, '2025-02-01', 1805.56, '2025-02-28 00:00:00', 1, 1001, 0),
(102030, 101110, '2024-09-01', 1527.78, '2024-09-30 00:00:00', 1, 1001, 0),
(102031, 101110, '2024-10-01', 1527.78, '2024-10-31 00:00:00', 1, 1001, 0),
(102032, 101110, '2024-11-01', 1527.78, '2024-11-30 00:00:00', 1, 1001, 0),
(102033, 101110, '2024-12-01', 1527.78, '2024-12-31 00:00:00', 1, 1001, 0),
(102034, 101110, '2025-01-01', 1527.78, '2025-01-31 00:00:00', 1, 1001, 0),
(102035, 101110, '2025-02-01', 1527.78, '2025-02-28 00:00:00', 1, 1001, 0);

INSERT IGNORE INTO `qft_company` (`id`, `company_name`, `telephone`, `creater_id`, `create_time`, `is_delete`, `legal_person_name`, `cor_url`, `auth_version_id`, `business_type`, `housing_num`, `sms_num`, `electronics_contract`, `use_start_time`, `use_end_time`, `withdraw_state`, `version_state`, `already_image_num`, `company_contract_nature`, `company_nature`, `pay_type`, `source_type`) VALUES
(1001, '成都全房通公寓管理有限公司', '028-88000001', 1, '2024-01-01 00:00:00', 0, '', '', 0, 0, 0, 0, 0, '2024-01-01 00:00:00', '2024-01-01 00:00:00', 0, 0, 0, 0, 0, 0, 0);

